NUMERO_PROGRESSIVO;POSTAZIONE;LATITUDINE;Y;LONGITUDINE;X;TRATTO;NN_CORSIE ;CORSIA;DIREZIONE_MARCIA_LOCALITA';PROGRESSIVA_KM
1;6;"44°09'50.55""";44,16541667;"10°38'34.83""";10,64508333;SS 12 tra Fiumalbo e Abetone;2;0;DA CONFINE REGIONALE TOSCANA A CONFINE REGIONALE LOMBARDIA;92,55
1;6;"44°09'50.55""";44,16541667;"10°38'34.83""";10,64508333;SS 12 tra Fiumalbo e Abetone;2;1;DA CONFINE REGIONALE LOMBARDIA A CONFINE REGIONALE TOSCANA;92,55
2;7;"44°07'56""";44,13222222;"10°59'26""";10,99055556;SS 64 tra Porretta Terme e Sambuca Pistoiese;2;0;DA PORRETTA TERME A FERRARA;31,507
2;7;"44°07'56""";44,13222222;"10°59'26""";10,99055556;SS 64 tra Porretta Terme e Sambuca Pistoiese;2;1;DA FERRARA A PORRETTA TERME;31,507
3;9;"44°01'41""";44,02805556;"11°47'06""";11,785;SS 67 tra Rocca San Casciano e Portico San Benedetto;2;0;DA CONFINE REGIONALE TOSCANA A RAVENNA;156,788
3;9;"44°01'41""";44,02805556;"11°47'06""";11,785;SS 67 tra Rocca San Casciano e Portico San Benedetto;2;1;DA RAVENNA A CONFINE REGIONALE TOSCANA;156,788
4;12;"43°57'04""";43,95111111;"12°44'20""";12,73888889;SS 16 Adriatica al Confine regionale (Marche);2;0;DA  FERRARA A CONFINE REGIONALE MARCHE;222,6
4;12;"43°57'04""";43,95111111;"12°44'20""";12,73888889;SS 16 Adriatica al Confine regionale (Marche);2;1;DA CONFINE REGIONALE MARCHE A  FERRARA;222,6
5;16;"44°55'50""";44,93055556;"11°20'21""";11,33916667;SP 69 in località Pilastri al Confine regionale;2;0;DA CONFINE PROVINCIALE LOMBARDIA A FERRARA;40
5;16;"44°55'50""";44,93055556;"11°20'21""";11,33916667;SP 69 in località Pilastri al Confine regionale;2;1;DA FERRARA A CONFINE PROVINCIALE LOMBARDIA;40
6;17;"44°56'08.99""";44,93830556;"11°04'22.64""";11,07455556;SS 12 dell'Abetone e Brennero al Confine regionale (Lombardia);2;0;DA CONFINE REGIONALE TOSCANA A CONFINE REGIONALE LOMBARDIA;221,8
6;17;"44°56'08.99""";44,93830556;"11°04'22.64""";11,07455556;SS 12 dell'Abetone e Brennero al Confine regionale (Lombardia);2;1;DA CONFINE REGIONALE LOMBARDIA A CONFINE REGIONALE TOSCANA;221,8
7;19;"44°57'39.79""";44,96302778;"10°23'15""";10,3875;SP 343R tra Colorno e Casalmaggiore;2;0;DA PARMA A CONFINE REGIONALE LOMBARDIA;20,1
7;19;"44°57'39.79""";44,96302778;"10°23'15""";10,3875;SP 343R tra Colorno e Casalmaggiore;2;1;DA CONFINE REGIONALE LOMBARDIA A PARMA;20,1
8;25;"44°46'56.88""";44,78466667;"10°23'15.90""";10,39;SS 9 tra San Prospero (Case Crostolo) e Sant'Ilario d'Enza;2;0;DA RIMINI A PIACENZA;198,1
8;25;"44°46'56.88""";44,78466667;"10°23'15.90""";10,39;SS 9 tra San Prospero (Case Crostolo) e Sant'Ilario d'Enza;2;1;DA PIACENZA A RIMINI;198,1
9;29;"44°39'01.93""";44,65286111;"10°48'55.66""";10,81711111;SS 9 tra Modena e Rubiera;2;0;DA RIMINI A PIACENZA;159,85
9;29;"44°39'01.93""";44,65286111;"10°48'55.66""";10,81711111;SS 9 tra Modena e Rubiera;2;1;DA PIACENZA A RIMINI;159,85
10;52;"44°28'00""";44,46666667;"11°42'27""";11,7075;SP 253 tra Sesto Imolese e Medicina;2;0;DA BOLOGNA A RAVENNA;30,3
10;52;"44°28'00""";44,46666667;"11°42'27""";11,7075;SP 253 tra Sesto Imolese e Medicina;2;1;DA RAVENNA A BOLOGNA;30,3
11;53;"44°43'39""";44,7275;"12°12'38""";12,21055556;SS 309 a San Giuseppe di Comacchio;2;0;DA RAVENNA A CONFINE REGIONALE VENETO;31,5
11;53;"44°43'39""";44,7275;"12°12'38""";12,21055556;SS 309 a San Giuseppe di Comacchio;2;1;DA CONFINE REGIONALE VENETO A RAVENNA;31,5
12;95;"45°03'20""";45,05555556;"09°27'30""";9,45833333;SP 10R tra Castel San Giovanni e Sarmato;2;0;DA CASTEL SAN GIOVANNI A CASTELVETRO PIACENTINO;170,5
12;95;"45°03'20""";45,05555556;"09°27'30""";9,45833333;SP 10R tra Castel San Giovanni e Sarmato;2;1;DA CASTELVETRO PIACENTINO A CASTEL SAN GIOVANNI;170,5
13;98;"44°11'30""";44,19166667;"11°42'38""";11,71055556;SP 302R tra Brisighella e Marradi;2;0;DA CONFINE REGIONALE TOSCANA A FAENZA;80,75
13;98;"44°11'30""";44,19166667;"11°42'38""";11,71055556;SP 302R tra Brisighella e Marradi;2;1;DA FAENZA A CONFINE REGIONALE TOSCANA;80,75
14;100;"43°58'02""";43,96722222;"12°24'34""";12,40944444;SP 258R tra Villa Verucchio ed ex Confine regionale (località Dogana);2;0;DA CONFINE REGIONALE MARCHE A RIMINI;70,9
14;100;"43°58'02""";43,96722222;"12°24'34""";12,40944444;SP 258R tra Villa Verucchio ed ex Confine regionale (località Dogana);2;1;DA RIMINI A CONFINE REGIONALE MARCHE;70,9
15;104;"45°00'40""";45,01111111;"10°10'42""";10,17833333;SP 10 nuovo ponte sul Po tra innesto variante Zibello e confine regionale (Lombardia);2;0;DA INNEST0 VARIANTE ZIBELLO A CONFINE REGIONALE LOMBARDIA;0,2
15;104;"45°00'40""";45,01111111;"10°10'42""";10,17833333;SP 10 nuovo ponte sul Po tra innesto variante Zibello e confine regionale (Lombardia);2;1;DA CONFINE REGIONALE LOMBARDIA A INNESTO VARIANTE ZIBELLO;0,2
16;107;"44°40'03.84""";44,66983333;"10°47'38.92""";10,79644444;SP 85 tra Rubiera e bivio SP 13MO (c/o Campogalliano);2;0;DA RUBIERA A CONFINE PROVINCIALE MODENA;1,9
16;107;"44°40'03.84""";44,66983333;"10°47'38.92""";10,79644444;SP 85 tra Rubiera e bivio SP 13MO (c/o Campogalliano);2;1;DA CONFINE PROVINCIALE MODENA A RUBIERA;1,9
17;108;"45°05'08""";45,08555556;"09°27'02""";9,45055556;SP 412R  tra Castel San Giovanni (Casello A 21) e ponte fiume Po;2;0;DA CASTEL SAN GIOVANNI A CAMINATA (CONFINE REGIONALE LOMBARDIA);41,5
17;108;"45°05'08""";45,08555556;"09°27'02""";9,45055556;SP 412R  tra Castel San Giovanni (Casello A 21) e ponte fiume Po;2;1;DA CAMINATA (CONFINE REGIONALE LOMBARDIA) A CASTEL SAN GIOVANNI;41,5
18;112;"44°54'28.00""";44,90777778;"10°32'14.48""";10,53855556;SP 111 tra Boretto e Viadana sul ponte Po;2;0;DA SS9 (CALERNO - SANT'ILARIO D'ENZA) A BORETTO;19,15
18;112;"44°54'28.00""";44,90777778;"10°32'14.48""";10,53855556;SP 111 tra Boretto e Viadana sul ponte Po;2;1;DA BORETTO A SS9 (CALERNO - SANT'ILARIO D'ENZA);19,15
19;115;"44°56'10""";44,93611111;"12°07'08""";12,11888889;SP 68 ad Ariano Polesine al Confine regionale (Veneto);2;0;DA BIVIO SS16 (CONSANDOLO - PORTOMAGGIORE) A CONFINE REGIONALE VENETO;54,4
19;115;"44°56'10""";44,93611111;"12°07'08""";12,11888889;SP 68 ad Ariano Polesine al Confine regionale (Veneto);2;1;DA CONFINE REGIONALE VENETO A BIVIO SS16 (CONSANDOLO - PORTOMAGGIORE);54,4
20;116;"43°50'34""";43,84277778;"11°58'04""";11,96777778;SP 138 tra S.Piero in Bagno (E 45) e Bagno di Romagna;2;0;DA BORRELLO (CESENA) A BAGNO DI ROMAGNA;41,95
20;116;"43°50'34""";43,84277778;"11°58'04""";11,96777778;SP 138 tra S.Piero in Bagno (E 45) e Bagno di Romagna;2;1;DA BAGNO DI ROMAGNA A BORRELLO (CESENA);41,95
21;117;"44°19'57.74""";44,33455556;"10°15'23.29""";10,25719444;SS 63 tra Collagna e Sassalbo (Passo del Cerreto);2;0;DA CONFINE REGIONALE TOSCANA A REGGIO EMILIA;42,644
21;117;"44°19'57.74""";44,33455556;"10°15'23.29""";10,25719444;SS 63 tra Collagna e Sassalbo (Passo del Cerreto);2;1;DA REGGIO EMILIA A CONFINE REGIONALE TOSCANA;42,644
22;118;"44°37'17.4""";44,6215;"09°19'45.9""";9,32941667;SS 45 tra Ottone e Gorreto;2;0;DA CONFINE REGIONALE LIGURIA A PIACENZA;66,3
22;118;"44°37'17.4""";44,6215;"09°19'45.9""";9,32941667;SS 45 tra Ottone e Gorreto;2;1;DA PIACENZA A CONFINE REGIONALE LIGURIA;66,3
23;122;"45°03'20""";45,05555556;"09°37'44""";9,62888889;SP 10R tra Piacenza (ponte fiume Trebbia) e San Nicolo';2;0;DA CASTEL SAN GIOVANNI A CASTELVETRO PIACENTINO;184
23;122;"45°03'20""";45,05555556;"09°37'44""";9,62888889;SP 10R tra Piacenza (ponte fiume Trebbia) e San Nicolo';2;1;DA CASTELVETRO PIACENTINO A CASTEL SAN GIOVANNI;184
24;123;"45°01'46""";45,02944444;"09°39'40""";9,66111111;SP 28 tra Piacenza (Tangenziale Sud) e Gossolengo;2;0;DA PIACENZA A RIVERGARO;0,5
24;123;"45°01'46""";45,02944444;"09°39'40""";9,66111111;SP 28 tra Piacenza (Tangenziale Sud) e Gossolengo;2;1;DA RIVERGARO A PIACENZA;0,5
25;124;"45°00'03.43""";45,00202778;"09°40'05.11""";9,66836111;SS 45 tra Piacenza e Settima;2;0;DA CONFINE REGIONALE LIGURIA A PIACENZA;132,5
25;124;"45°00'03.43""";45,00202778;"09°40'05.11""";9,66836111;SS 45 tra Piacenza e Settima;2;1;DA PIACENZA A CONFINE REGIONALE LIGURIA;132,5
26;125;"45°00'49""";45,01361111;"09°41'19""";9,68861111;SP 654R tra Piacenza (Tangenziale Sud) e Turro ;2;0;DA PIACENZA A CONFINE PROVINCIALE PARMA;2
26;125;"45°00'49""";45,01361111;"09°41'19""";9,68861111;SP 654R tra Piacenza (Tangenziale Sud) e Turro ;2;1;DA CONFINE PROVINCIALE PARMA A PIACENZA;2
27;126;"45°01'18""";45,02166667;"09°43'09""";9,71916667;SP 6 tra Piacenza (Tangenziale Sud) e bivio SP 42/ponte fiume Nure in località San Giorgio Piacentino;2;0;DA PIACENZA A SAN GIORGIO PIACENTINO;1
27;126;"45°01'18""";45,02166667;"09°43'09""";9,71916667;SP 6 tra Piacenza (Tangenziale Sud) e bivio SP 42/ponte fiume Nure in località San Giorgio Piacentino;2;1;DA SAN GIORGIO PIACENTINO A PIACENZA;1
28;127;"45°00'49.16""";45,01405556;"09°45'51.17""";9,76463889;SS 9 tra Piacenza e Pontenure;2;0;DA RIMINI A PIACENZA;254,77
28;127;"45°00'49.16""";45,01405556;"09°45'51.17""";9,76463889;SS 9 tra Piacenza e Pontenure;2;1;DA PIACENZA A RIMINI;254,77
29;128;"45°02'17""";45,03805556;"09°46'07""";9,76861111;SP 10R tra Piacenza (Casello A 1/A 21) e il bivio SP 10R e SP 587R;2;0;DA CASTEL SAN GIOVANNI A CASTELVETRO PIACENTINO;193,8
29;128;"45°02'17""";45,03805556;"09°46'07""";9,76861111;SP 10R tra Piacenza (Casello A 1/A 21) e il bivio SP 10R e SP 587R;2;1;DA CASTELVETRO PIACENTINO A CASTEL SAN GIOVANNI;193,8
30;129;"44°48'59.95""";44,81902778;"10°16'35.66""";10,27822222;SS 9 tra Parma e ponte fiume Taro (Tangenziale nord di Parma);4;0;DA RIMINI A PIACENZA;10,1
30;129;"44°48'59.95""";44,81902778;"10°16'35.66""";10,27822222;SS 9 tra Parma e ponte fiume Taro (Tangenziale nord di Parma);4;1;DA RIMINI A PIACENZA;10,1
30;129;"44°48'59.95""";44,81902778;"10°16'35.66""";10,27822222;SS 9 tra Parma e ponte fiume Taro (Tangenziale nord di Parma);4;2;DA PIACENZA A RIMINI;10,1
30;129;"44°48'59.95""";44,81902778;"10°16'35.66""";10,27822222;SS 9 tra Parma e ponte fiume Taro (Tangenziale nord di Parma);4;3;DA PIACENZA A RIMINI;10,1
31;130;"44°45'24.64""";44,75844444;"10°13'58.86""";10,23516667;SS 62 tra Parma e Collecchio;2;0;DA CONFINE REGIONALE TOSCANA A PARMA;107,597
31;130;"44°45'24.64""";44,75844444;"10°13'58.86""";10,23516667;SS 62 tra Parma e Collecchio;2;1;DA PARMA A CONFINE REGIONALE TOSCANA;107,597
32;131;"44°44'06.5""";44,73513889;"10°18'37.8""";10,3105;SP 665R tra Parma e Corcagnano;2;0;DA PARMA A CONFINE REGIONALE TOSCANA;8,05
32;131;"44°44'06.5""";44,73513889;"10°18'37.8""";10,3105;SP 665R tra Parma e Corcagnano;2;1;DA CONFINE REGIONALE TOSCANA A PARMA;8,05
33;132;"44°44'04""";44,73444444;"10°22'10""";10,36944444;SP 513R tra Parma e Pilastrello;2;0;DA PARMA A SAN POLO D'ENZA;7
33;132;"44°44'04""";44,73444444;"10°22'10""";10,36944444;SP 513R tra Parma e Pilastrello;2;1;DA SAN POLO D'ENZA A PARMA;7
34;133;"44°50'03.18""";44,83466667;"10°25'34.14""";10,4265;SP 62R tra Parma (viadotto A 1) e Sorbolo;2;0;DA CONFINE REGIONALE LIGURIA A CONFINE PROVINCIALE REGGIO EMILIA;126
34;133;"44°50'03.18""";44,83466667;"10°25'34.14""";10,4265;SP 62R tra Parma (viadotto A 1) e Sorbolo;2;1;DA CONFINE PROVINCIALE REGGIO EMILIA A CONFINE REGIONALE LIGURIA;126
35;134;"44°52'23.43""";44,87425;"10°20'54.30""";10,34916667;SP 343R tra Parma e San Polo;2;0;DA PARMA A CONFINE REGIONALE LOMBARDIA;8,5
35;134;"44°52'23.43""";44,87425;"10°20'54.30""";10,34916667;SP 343R tra Parma e San Polo;2;1;DA CONFINE REGIONALE LOMBARDIA A PARMA;8,5
36;135;"44°51'58.22""";44,86672222;"10°15'08.69""";10,25413889;SP 10 tra Parma (Tangenziale) e Viarolo;2;0;DA PARMA A CONFINE PROVINCIALE PIACENZA;7,4
36;135;"44°51'58.22""";44,86672222;"10°15'08.69""";10,25413889;SP 10 tra Parma (Tangenziale) e Viarolo;2;1;DA CONFINE PROVINCIALE PIACENZA A PARMA;7,4
37;137;"44°41'25.2""";44,69033333;"10°32'42.42""";10,54616667;SP 28 tra Reggio Emilia (Tangenziale) e Cavriago;2;0;DA REGGIO EMILIA A MONTECCHIO EMILIA;3,6
37;137;"44°41'25.2""";44,69033333;"10°32'42.42""";10,54616667;SP 28 tra Reggio Emilia (Tangenziale) e Cavriago;2;1;DA MONTECCHIO EMILIA A REGGIO EMILIA;3,6
38;138;"44°38'43.9""";44,64552778;"10°35'03.5""";10,58430556;SS 63 tra Reggio Emilia e Puianello;2;0;DA CONFINE REGIONALE TOSCANA A REGGIO EMILIA;104,55
38;138;"44°38'43.9""";44,64552778;"10°35'03.5""";10,58430556;SS 63 tra Reggio Emilia e Puianello;2;1;DA REGGIO EMILIA A CONFINE REGIONALE TOSCANA;104,55
39;139;"44°37'06.72""";44,62033333;"10°40'22.83""";10,67508333;SP 467R tra Fogliano e località Pratissolo (c/o Scandiano);2;0;DA REGGIO EMILIA A SASSUOLO;5,25
39;139;"44°37'06.72""";44,62033333;"10°40'22.83""";10,67508333;SP 467R tra Fogliano e località Pratissolo (c/o Scandiano);2;1;DA SASSUOLO A REGGIO EMILIA;5,25
40;140;"44°39'52.5""";44,66458333;"10°43'41.9""";10,72830556;SS 9 tra Masone e Rubiera;2;0;DA RIMINI A PIACENZA;167,3
40;140;"44°39'52.5""";44,66458333;"10°43'41.9""";10,72830556;SS 9 tra Masone e Rubiera;2;1;DA PIACENZA A RIMINI;167,3
41;141;"44°42'33.6""";44,70933333;"10°41'17.6""";10,68822222;Via Lenin (ex SP 468R) tra Reggio Emilia e bivio SP 29 - c/o A 1;2;0;DA REGGIO EMILIA A CONFINE PROVINCIALE MODENA;1,3
41;141;"44°42'33.6""";44,70933333;"10°41'17.6""";10,68822222;Via Lenin (ex SP 468R) tra Reggio Emilia e bivio SP 29 - c/o A 1;2;1;DA CONFINE PROVINCIALE MODENA A REGGIO EMILIA;1,3
42;143;"44°44'48.1""";44,74669444;"10°36'17""";10,60472222;SP 63R tra Sesso e Cadelbosco di Sopra (bivio SP 358R);2;0;DA REGGIO EMILIA A GUALTIERI;2,7
42;143;"44°44'48.1""";44,74669444;"10°36'17""";10,60472222;SP 63R tra Sesso e Cadelbosco di Sopra (bivio SP 358R);2;1;DA GUALTIERI A REGGIO EMILIA;2,7
43;146;"44°35'42.48""";44,59633333;"10°55'24.98""";10,92605556;SS 12 tra Montale e Modena ;2;0;DA CONFINE REGIONALE TOSCANA A CONFINE REGIONALE LOMBARDIA;172,23
43;146;"44°35'42.48""";44,59633333;"10°55'24.98""";10,92605556;SS 12 tra Montale e Modena ;2;1;DA CONFINE REGIONALE LOMBARDIA A CONFINE REGIONALE TOSCANA;172,23
44;147;"44°32'58.9""";44,54969444;"11°00'20'.4""";11,00555556;SP 623R tra Modena Sud/casello A 1 e Spilamberto;2;0;DA MODENA A VIGNOLA;9,1
44;147;"44°32'58.9""";44,54969444;"11°00'20'.4""";11,00555556;SP 623R tra Modena Sud/casello A 1 e Spilamberto;2;1;DA VIGNOLA A MODENA;9,1
45;148;"44°37'21.40""";44,62361111;"10°59'47.47""";10,99769444;SS 9 tra Sant'Ambrogio e Castelfranco Emilia;2;0;DA RIMINI A PIACENZA;143,25
45;148;"44°37'21.40""";44,62361111;"10°59'47.47""";10,99769444;SS 9 tra Sant'Ambrogio e Castelfranco Emilia;2;1;DA PIACENZA A RIMINI;143,25
46;149;"44°39'56.54""";44,66705556;"10°59'03.30""";10,985;SP 255R tra Modena e Navicello;2;0;DA MODENA A FERRARA;4,9
46;149;"44°39'56.54""";44,66705556;"10°59'03.30""";10,985;SP 255R tra Modena e Navicello;2;1;DA FERRARA A MODENA;4,9
47;150;"44°42'02.61""";44,70225;"10°56'58.29""";10,95025;SS 12 tra Modena e Bastiglia;2;0;DA CONFINE REGIONALE TOSCANA A CONFINE REGIONALE LOMBARDIA;191,439
47;150;"44°42'02.61""";44,70225;"10°56'58.29""";10,95025;SS 12 tra Modena e Bastiglia;2;1;DA CONFINE REGIONALE LOMBARDIA A CONFINE REGIONALE TOSCANA;191,439
48;151;"44°41'51.2""";44,69755556;"10°53'31""";10,89194444;SP 413R tra Modena e Ganaceto;2;0;DA CONFINE REGIONALE LOMBARDIA A MODENA;59,9
48;151;"44°41'51.2""";44,69755556;"10°53'31""";10,89194444;SP 413R tra Modena e Ganaceto;2;1;DA MODENA A CONFINE REGIONALE LOMBARDIA;59,9
49;152;"44°29'31""";44,49194444;"11°15'43""";11,26194444;SP 569 tra Innesto tangenziale Bologna e uscita Zola Predosa (Gesso/Rivabella);4;0;DA BAZZANO A CASALECCHIO DI RENO;41,621
49;152;"44°29'31""";44,49194444;"11°15'43""";11,26194444;SP 569 tra Innesto tangenziale Bologna e uscita Zola Predosa (Gesso/Rivabella);4;1;DA BAZZANO A CASALECCHIO DI RENO;41,621
49;152;"44°29'31""";44,49194444;"11°15'43""";11,26194444;SP 569 tra Innesto tangenziale Bologna e uscita Zola Predosa (Gesso/Rivabella);4;2;DA CASALECCHIO DI RENO A BAZZANO;41,621
49;152;"44°29'31""";44,49194444;"11°15'43""";11,26194444;SP 569 tra Innesto tangenziale Bologna e uscita Zola Predosa (Gesso/Rivabella);4;3;DA CASALECCHIO DI RENO A BAZZANO;41,621
50;153;"44°24'35""";44,40972222;"11°15'20""";11,25555556;Via Porrettana (ex SS 64) tra Bologna e Pontecchio Marconi;2;0;DA PORRETTA TERME A FERRARA;77,9
50;153;"44°24'35""";44,40972222;"11°15'20""";11,25555556;Via Porrettana (ex SS 64) tra Bologna e Pontecchio Marconi;2;1;DA FERRARA A PORRETTA TERME;77,9
51;154;"44°25'09""";44,41916667;"11°20'43""";11,34527778;Via De Gasperi (gestione provinciale - SP Fondovalle Savena) tra Rastignano e Pian di Macina;2;0;DA BIVIO LOIANO/MONZUNO A BOLOGNA;
51;154;"44°25'09""";44,41916667;"11°20'43""";11,34527778;Via De Gasperi (gestione provinciale - SP Fondovalle Savena) tra Rastignano e Pian di Macina;2;1;DA BOLOGNA A BIVIO LOIANO/MONZUNO;
52;155;"44°27'28""";44,45777778;"11°26'25""";11,44027778;SS 9 tra San Lazzaro e Idice;2;0;DA RIMINI A PIACENZA;102,747
52;155;"44°27'28""";44,45777778;"11°26'25""";11,44027778;SS 9 tra San Lazzaro e Idice;2;1;DA PIACENZA A RIMINI;102,747
53;156;"44°30'10""";44,50277778;"11°26'55""";11,44861111;SP 253 tra Loc. Villanova e Inizio variante Castenaso ;2;0;DA BOLOGNA A RAVENNA;7,56
53;156;"44°30'10""";44,50277778;"11°26'55""";11,44861111;SP 253 tra Loc. Villanova e Inizio variante Castenaso ;2;1;DA RAVENNA A BOLOGNA;7,56
54;157;"44°32'19""";44,53861111;"11°26'10""";11,43611111;Via San Donato (ex SP 5) tra Granarolo dell'Emilia e Quarto Inferiore;2;0;DA BOLOGNA A MOLINELLA;2,395
54;157;"44°32'19""";44,53861111;"11°26'10""";11,43611111;Via San Donato (ex SP 5) tra Granarolo dell'Emilia e Quarto Inferiore;2;1;DA MOLINELLA A BOLOGNA;2,395
55;158;"44°34'17""";44,57138889;"11°24'17""";11,40472222;SS 64 tra Bologna e Lovoleto;2;0;DA PORRETTA TERME A FERRARA;104,87
55;158;"44°34'17""";44,57138889;"11°24'17""";11,40472222;SS 64 tra Bologna e Lovoleto;2;1;DA FERRARA A PORRETTA TERME;104,87
56;160;"44°33'12.8""";44,55355556;"11°16'18""";11,27166667;SP 18 tra Bargellino e Calderara di Reno (c/o Variante SP18);2;0;DA CALDERARA DI RENO A CASTEL D'ARGILE;1,169
56;160;"44°33'12.8""";44,55355556;"11°16'18""";11,27166667;SP 18 tra Bargellino e Calderara di Reno (c/o Variante SP18);2;1;DA CASTEL D'ARGILE A CALDERARA DI RENO;1,169
57;161;"44°36'00""";44,6;"11°13'01""";11,21694444;SP 568 daTavernelle all'intersezione della SP3;2;0;DA SAN FELICE SUL PANARO A BOLOGNA;28,904
57;161;"44°36'00""";44,6;"11°13'01""";11,21694444;SP 568 daTavernelle all'intersezione della SP3;2;1;DA BOLOGNA A SAN FELICE SUL PANARO;28,904
58;162;"44°34'11.14""";44,57011111;"11°07'33.05""";11,12597222;SS 9 località Cavazzona;2;0;DA RIMINI A PIACENZA;130,8
58;162;"44°34'11.14""";44,57011111;"11°07'33.05""";11,12597222;SS 9 località Cavazzona;2;1;DA PIACENZA A RIMINI;130,8
59;170;"44°12'33""";44,20916667;"12°00'04""";12,00111111;SS 67 tra Rovere e Forlì;2;0;DA CONFINE REGIONALE TOSCANA A RAVENNA;185,844
59;170;"44°12'33""";44,20916667;"12°00'04""";12,00111111;SS 67 tra Rovere e Forlì;2;1;DA RAVENNA A CONFINE REGIONALE TOSCANA;185,844
60;171;"44°11'51""";44,1975;"12°00'11""";12,00305556;SP 56 tra Forlì e bivio SS67 (Castrocaro Terme);2;0;DA FORLI' A CASTROCARO TERME;2,008
60;171;"44°11'51""";44,1975;"12°00'11""";12,00305556;SP 56 tra Forlì e bivio SS67 (Castrocaro Terme);2;1;DA CASTROCARO TERME A FORLI';2,008
61;173;"44°09'21""";44,15583333;"12°04'20""";12,07222222;SP 4 tra Ronco (SS9) e bivio SP 72 (Para);2;0;DA CONFINE REGIONALE TOSCANA A FORLI';81,7
61;173;"44°09'21""";44,15583333;"12°04'20""";12,07222222;SP 4 tra Ronco (SS9) e bivio SP 72 (Para);2;1;DA FORLI' A CONFINE REGIONALE TOSCANA;81,7
62;174;"44°11'52""";44,19777778;"12°05'53""";12,09805556;SS 9 tra Ronco e Forlimpopoli;2;0;DA RIMINI A PIACENZA;
62;174;"44°11'52""";44,19777778;"12°05'53""";12,09805556;SS 9 tra Ronco e Forlimpopoli;2;1;DA PIACENZA A RIMINI;
63;175;"44°10'11""";44,16972222;"12°12'59""";12,21638889;SS 3BIS/E 45 tra Borgo Pievesestina e Casemurate;4;0;DA CONFINE REGIONE TOSCANA A RAVENNA;226,38
63;175;"44°10'11""";44,16972222;"12°12'59""";12,21638889;SS 3BIS/E 45 tra Borgo Pievesestina e Casemurate;4;1;DA CONFINE REGIONE TOSCANA A RAVENNA;226,38
63;175;"44°10'11""";44,16972222;"12°12'59""";12,21638889;SS 3BIS/E 45 tra Borgo Pievesestina e Casemurate;4;2;DA RAVENNA A CONFINE REGIONE TOSCANA;226,38
63;175;"44°10'11""";44,16972222;"12°12'59""";12,21638889;SS 3BIS/E 45 tra Borgo Pievesestina e Casemurate;4;3;DA RAVENNA A CONFINE REGIONE TOSCANA;226,38
64;176;"44°14'35""";44,24305556;"12°10'52""";12,18111111;SP 2 in località La Caserma al Confine Provinciale;2;0;DA FORLI' A CERVIA;9,908
64;176;"44°14'35""";44,24305556;"12°10'52""";12,18111111;SP 2 in località La Caserma al Confine Provinciale;2;1;DA CERVIA A FORLI';9,908
65;177;"44°28'47""";44,47972222;"11°25'57""";11,4325;Prosecuzione tangenziale di Bologna – complanare sud alla A 14 nel tratto San Lazzaro/Idice;2;0;DA BOLOGNA A OZZANO EMILIA;1
65;177;"44°28'47""";44,47972222;"11°25'57""";11,4325;Prosecuzione tangenziale di Bologna – complanare sud alla A 14 nel tratto San Lazzaro/Idice;2;1;DA BOLOGNA A OZZANO EMILIA;1
66;182;"44°03'14""";44,05388889;"12°31'12""";12,52;SP 258R tra Rimini e A 14;2;0;DA CONFINE REGIONALE MARCHE A RIMINI;81,55
66;182;"44°03'14""";44,05388889;"12°31'12""";12,52;SP 258R tra Rimini e A 14;2;1;DA RIMINI A CONFINE REGIONALE MARCHE;81,55
67;184;"44°01'37""";44,02694444;"12°36'50""";12,61388889;SS 16 tra Riccione e Rimini;3;0;DA  FERRARA A CONFINE REGIONALE MARCHE;208,322
67;184;"44°01'37""";44,02694444;"12°36'50""";12,61388889;SS 16 tra Riccione e Rimini;3;1;DA  FERRARA A CONFINE REGIONALE MARCHE;208,322
67;184;"44°01'37""";44,02694444;"12°36'50""";12,61388889;SS 16 tra Riccione e Rimini;3;2;DA CONFINE REGIONALE MARCHE A  FERRARA;208,322
68;186;"44°05'53""";44,09805556;"12°29'58""";12,49944444;SS 16 tra Rimini e Igea Marina-Viserba;2;0;DA  FERRARA A CONFINE REGIONALE MARCHE;195, 660 
68;186;"44°05'53""";44,09805556;"12°29'58""";12,49944444;SS 16 tra Rimini e Igea Marina-Viserba;2;1;DA CONFINE REGIONALE MARCHE A  FERRARA;195, 660 
69;187;"44°09'09""";44,1525;"12°26'29""";12,44138889;SS 16 tra Bellaria e Cesenatico;4;0;DA  FERRARA A CONFINE REGIONALE MARCHE;187,4
69;187;"44°09'09""";44,1525;"12°26'29""";12,44138889;SS 16 tra Bellaria e Cesenatico;4;1;DA  FERRARA A CONFINE REGIONALE MARCHE;187,4
69;187;"44°09'09""";44,1525;"12°26'29""";12,44138889;SS 16 tra Bellaria e Cesenatico;4;2;DA CONFINE REGIONALE MARCHE A  FERRARA;187,4
69;187;"44°09'09""";44,1525;"12°26'29""";12,44138889;SS 16 tra Bellaria e Cesenatico;4;3;DA CONFINE REGIONALE MARCHE A  FERRARA;187,4
70;188;"44°04'11""";44,06972222;"12°30'25""";12,50694444;SS 9 tra Rimini e Santa Giustina;4;0;DA RIMINI A PIACENZA;3,3
70;188;"44°04'11""";44,06972222;"12°30'25""";12,50694444;SS 9 tra Rimini e Santa Giustina;4;1;DA RIMINI A PIACENZA;3,3
70;188;"44°04'11""";44,06972222;"12°30'25""";12,50694444;SS 9 tra Rimini e Santa Giustina;4;2;DA PIACENZA A RIMINI;3,3
70;188;"44°04'11""";44,06972222;"12°30'25""";12,50694444;SS 9 tra Rimini e Santa Giustina;4;3;DA PIACENZA A RIMINI;3,3
71;215;"44°35'34""";44,59277778;"11°23'06""";11,385;SP 3_1 tra accesso interporto Bologna e viadotto A 13;2;0;DA SAN GIOVANNI IN PERSICETO A GRANAROLO DELL'EMILIA;15,764
71;215;"44°35'34""";44,59277778;"11°23'06""";11,385;SP 3_1 tra accesso interporto Bologna e viadotto A 13;2;1;DA GRANAROLO DELL'EMILIA A SAN GIOVANNI IN PERSICETO;15,764
72;218;"45°00'37.4""";45,01038889;"10°07'26.7""";10,12408333;SP 10 tra Polesine e Roccabianca su variante Zibello;2;0;DA PARMA A CONFINE PROVINCIALE PIACENZA;31,5
72;218;"45°00'37.4""";45,01038889;"10°07'26.7""";10,12408333;SP 10 tra Polesine e Roccabianca su variante Zibello;2;1;DA CONFINE PROVINCIALE PIACENZA A PARMA;31,5
73;219;"44°57'16.79""";44,95663889;"09°51'59.86""";9,86877778;SS 9 tra Fiorenzuola d'Arda e Pontenure;2;0;DA RIMINI A PIACENZA;244,27
73;219;"44°57'16.79""";44,95663889;"09°51'59.86""";9,86877778;SS 9 tra Fiorenzuola d'Arda e Pontenure;2;1;DA PIACENZA A RIMINI;244,27
74;220;"44°53'08.57""";44,88713889;"09°59'36.32""";9,99422222;SS 9 tra Fiorenzuola d'Arda e Fidenza al confine provinciale;2;0;DA RIMINI A PIACENZA;231,35
74;220;"44°53'08.57""";44,88713889;"09°59'36.32""";9,99422222;SS 9 tra Fiorenzuola d'Arda e Fidenza al confine provinciale;2;1;DA PIACENZA A RIMINI;231,35
75;221;"44°50'20""";44,83888889;"10°09'27""";10,1575;SS 9 tra Fidenza e A 15;2;0;DA RIMINI A PIACENZA;217
75;221;"44°50'20""";44,83888889;"10°09'27""";10,1575;SS 9 tra Fidenza e A 15;2;1;DA PIACENZA A RIMINI;217
76;222;"44°50'35.0""";44,84305556;"10°00'57.0""";10,01583333;SP 359R tra Fidenza e Salsomaggiore Terme;2;0;DA FIDENZA A BEDONIA;4,4
76;222;"44°50'35.0""";44,84305556;"10°00'57.0""";10,01583333;SP 359R tra Fidenza e Salsomaggiore Terme;2;1;DA BEDONIA A FIDENZA;4,4
77;223;"44°49'09""";44,81916667;"10°11'00.01""";10,18336111;SP 357R tra SS 9 e Noceto;2;0;DA BIVIO SS9 (NOCETO)  A FORNOVO DI TARO;1,3
77;223;"44°49'09""";44,81916667;"10°11'00.01""";10,18336111;SP 357R tra SS 9 e Noceto;2;1;DA FORNOVO DI TARO A BIVIO SS9 (NOCETO) ;1,3
78;226;"44°40'23.95""";44,67569444;"10°19'33.60""";10,3275;SP 32 dal bivio SP 16 (per Langhirano) al bivio SP 665R;2;0;DA FELINO A TRAVERSETOLO;8,3
78;226;"44°40'23.95""";44,67569444;"10°19'33.60""";10,3275;SP 32 dal bivio SP 16 (per Langhirano) al bivio SP 665R;2;1;DA TRAVERSETOLO A FELINO;8,3
79;227;"44°54'59.89""";44,91886111;"10°26'53.00""";10,44805556;SP 34 da Colorno al bivio SP 60 (al confine provinciale);2;0;DA MEZZANI AL CONFINE PROVINCIALE DI REGGIO EMILIA;7,2
79;227;"44°54'59.89""";44,91886111;"10°26'53.00""";10,44805556;SP 34 da Colorno al bivio SP 60 (al confine provinciale);2;1;DA CONFINE PROVINCIALE DI REGGIO EMILIA A MEZZANI;7,2
80;228;"44°52'10""";44,86944444;"10°29'10""";10,48611111;SP 62R tra Brescello (bivio SP 41) e Sorbolo (bivio SP 20);2;0;DA BRESCELLO A LUZZARA;132,6
80;228;"44°52'10""";44,86944444;"10°29'10""";10,48611111;SP 62R  tra Brescello (bivio SP 41) e Sorbolo (bivio SP 20);2;1;DA LUZZARA A BRESCELLO;132,6
81;229;"44°51'57""";44,86583333;"10°32'22""";10,53944444;SP 111 tra bivio SP 1 (a nord di Poviglio) e Boretto (innesto variante);2;0;DA SS9 (CALERNO - SANT'ILARIO D'ENZA) A BORETTO;14,4
81;229;"44°51'57""";44,86583333;"10°32'22""";10,53944444;SP 111 tra bivio SP 1 (a nord di Poviglio) e Boretto (innesto variante);2;1;DA BORETTO A SS9 (CALERNO - SANT'ILARIO D'ENZA);14,4
82;230;"44°53'24""";44,89;"10°37'23""";10,62305556;SP 62RVAR Cispadana da Boretto (bivio Variante SP 358R) a Gualtieri (bivio SP 63R);2;0;DA LUZZARA A BORETTO;15,7
82;230;"44°53'24""";44,89;"10°37'23""";10,62305556;SP 62RVAR Cispadana da Boretto (bivio Variante SP 358R) a Gualtieri (bivio SP 63R);2;1;DA BORETTO A LUZZARA;15,7
83;231;"44°52'31.93""";44,87786111;"10°37'44.24""";10,62955556;SP 63R tra la Loc. Santa Vittoria (c/o bivio SP 81) e la Cispadana;2;0;DA REGGIO EMILIA A GUALTIERI;17,97
83;231;"44°52'31.93""";44,87786111;"10°37'44.24""";10,62955556;SP 63R tra la Loc. Santa Vittoria (c/o bivio SP 81) e la Cispadana;2;1;DA GUALTIERI A REGGIO EMILIA;17,97
84;236;"44°49'52""";44,83111111;"11°20'19""";11,33861111;SP 468R tra Casumaro e Reno Centese;2;0;DA REGGIO EMILIA A MIRABELLO;73,5
84;236;"44°49'52""";44,83111111;"11°20'19""";11,33861111;SP 468R tra Casumaro e Reno Centese;2;1;DA MIRABELLO A REGGIO EMILIA;73,5
85;237;"44°38'03""";44,63416667;"10°30'30""";10,50833333;SP 23 tra Quattro Castella e la Variante di Montecavolo (c/o bivio SP 21);2;0;DA REGGIO EMILIA A QUATTRO CASTELLA;7,84
85;237;"44°38'03""";44,63416667;"10°30'30""";10,50833333;SP 23 tra Quattro Castella e la Variante di Montecavolo (c/o bivio SP 21);2;1;DA QUATTRO CASTELLA A REGGIO EMILIA;7,84
86;238;"44°36'40""";44,61111111;"10°3801""";73,35;SP 37 fra Albinea e Scandiano (bivio SP 7);2;0;DA ALBINEA A SCANDIANO;2,881
86;238;"44°36'40""";44,61111111;"10°38'01""";10,63361111;SP 37 fra Albinea e Scandiano (bivio SP 7);2;1;DA SCANDIANO A ALBINEA;2,881
87;239;"44°32'57.07""";44,54936111;"10°46'06.49""";10,76969444;SP 486R fra Sassuolo e Castellarano;2;0;DA SASSUOLO A CONFINE REGIONALE TOSCANA;19,9
87;239;"44°32'57.07""";44,54936111;"10°46'06.49""";10,76969444;SP 486R fra Sassuolo e Castellarano;2;1;DA CONFINE REGIONALE TOSCANA A SASSUOLO;19,9
88;242;"44°30'21.45""";44,50708333;"10°52'29.19""";10,87525;SS 12 tra Maranello e Pavullo nel Frignano;2;0;DA CONFINE REGIONALE TOSCANA A CONFINE REGIONALE LOMBARDIA;161,13
88;242;"44°30'21.45""";44,50708333;"10°52'29.19""";10,87525;SS 12 tra Maranello e Pavullo nel Frignano;2;1;DA CONFINE REGIONALE LOMBARDIA A CONFINE REGIONALE TOSCANA;161,13
89;243;"44°32'38""";44,54388889;"11°07'51""";11,13083333;SP 27 tra Ponte Samoggia e Muffa;2;0;DA PONTE SAMOGGIA A CRESPELLANO;2,377
89;243;"44°32'38""";44,54388889;"11°07'51""";11,13083333;SP 27 tra Ponte Samoggia e Muffa;2;1;DA CRESPELLANO A PONTE SAMOGGIA;2,377
90;244;"44°30'34""";44,50944444;"11°09'53""";11,16472222;SP 569 tra Pragatto e innesto variante Ponte Ronca ;2;0;DA BAZZANO A CASALECCHIO DI RENO;32,935
90;244;"44°30'34""";44,50944444;"11°09'53""";11,16472222;SP 569 tra Pragatto e innesto variante Ponte Ronca ;2;1;DA CASALECCHIO DI RENO A BAZZANO;32,935
91;245;"44°30'12""";44,50333333;"11°03'51""";11,06416667;SP 569R da intersezione Pedemontana a Savignano sul Panaro;2;0;DA SASSUOLO A CASALECCHIO DI RENO;24,15
91;245;"44°30'12""";44,50333333;"11°03'51""";11,06416667;SP 569R da intersezione Pedemontana a Savignano sul Panaro;2;1;DA CASALECCHIO DI RENO A SASSUOLO;24,15
92;246;"44°40'33""";44,67583333;"11°12'46""";11,21277778;SP 255 da Decima a San Giovanni in Persiceto;2;0;DA MODENA A FERRARA;27,347
92;246;"44°40'33""";44,67583333;"11°12'46""";11,21277778;SP 255 da Decima a San Giovanni in Persiceto;2;1;DA FERRARA A MODENA;27,347
93;247;"44°39'52""";44,66444444;"11°06'37""";11,11027778;SP 255 fra Nonantola e Sant'Agata Bolognese;2;0;DA MODENA A FERRARA;15,997
93;247;"44°39'52""";44,66444444;"11°06'37""";11,11027778;SP 255 fra Nonantola e Sant'Agata Bolognese;2;1;DA FERRARA A MODENA;15,997
94;251;"44°19'01""";44,31694444;"11°38'59""";11,64972222;SP 610 tra Imola e Casalfiumanese in località Ca' Miseria;2;0;DA INNESTO SS16 (SAN BIAGIO - ARGENTA) A CONFINE REGIONALE TOSCANA;38,136
94;251;"44°19'01""";44,31694444;"11°38'59""";11,64972222;SP 610 tra Imola e Casalfiumanese in località Ca' Miseria;2;1;DA CONFINE REGIONALE TOSCANA A INNESTO SS16 (SAN BIAGIO - ARGENTA);38,136
95;252;"44°29'57""";44,49916667;"11°36'49""";11,61361111;SP 3_2 tra Budrio e bivio SP 29 per Medicina;2;0;DA GRANAROLO DELL'EMILIA A MEDICINA;15,095
95;252;"44°29'57""";44,49916667;"11°36'49""";11,61361111;SP 3_2 tra Budrio e bivio SP 29 per Medicina;2;1;DA MEDICINA A GRANAROLO DELL'EMILIA;15,095
96;253;"44°29'39""";44,49416667;"11°34'54""";11,58166667;SP 253 dal bivio SP6 per Budrio a Medicina;2;0;DA BOLOGNA A RAVENNA;18,887
96;253;"44°29'39""";44,49416667;"11°34'54""";11,58166667;SP 253 dal bivio SP6 per Budrio a Medicina;2;1;DA RAVENNA A BOLOGNA;18,887
97;254;"44°25'54""";44,43166667;"11°30'40""";11,51111111;SS 9 tra Ozzano Emilia e Castel San Pietro;2;0;DA RIMINI A PIACENZA;96,45
97;254;"44°25'54""";44,43166667;"11°30'40""";11,51111111;SS 9 tra Ozzano Emilia e Castel San Pietro;2;1;DA PIACENZA A RIMINI;96,45
98;255;"44°23'37""";44,39361111;"11°36'36""";11,61;SS 9 tra Castel San Pietro e Imola;2;0;DA RIMINI A PIACENZA;87,46
98;255;"44°23'37""";44,39361111;"11°36'36""";11,61;SS 9 tra Castel San Pietro e Imola;2;1;DA PIACENZA A RIMINI;87,46
99;256;"44°15'07""";44,25194444;"11°49'05""";11,81805556;SP 302R tra Faenza (bivio SP 66) e Brisighella;2;0;DA CONFINE REGIONALE TOSCANA A FAENZA;92,48
99;256;"44°15'07""";44,25194444;"11°49'05""";11,81805556;SP 302R tra Faenza (bivio SP 66) e Brisighella;2;1;DA FAENZA A CONFINE REGIONALE TOSCANA;92,48
100;257;"44°19'21""";44,3225;"11°56'46""";11,94611111;SP 302R tra Faenza e il bivio SP 4 (a sud di Russi);2;0;DA FAENZA A RUSSI;106,22
100;257;"44°19'21""";44,3225;"11°56'46""";11,94611111;SP 302R tra Faenza e il bivio SP 4 (a sud di Russi);2;1;DA RUSSI A FAENZA;106,22
101;258;"44°09'50""";44,16388889;"12°10'51""";12,18083333;SS 9 tra Forlimpopoli e Cesena;2;0;DA RIMINI A PIACENZA;34,57
101;258;"44°09'50""";44,16388889;"12°10'51""";12,18083333;SS 9 tra Forlimpopoli e Cesena;2;1;DA PIACENZA A RIMINI;34,57
102;259;"44°11'30""";44,19166667;"12°18'46""";12,31277778;SP 7 in località Calabrina al Confine Provinciale;2;0;DA CESENA A CERVIA;
102;259;"44°11'30""";44,19166667;"12°18'46""";12,31277778;SP 7 in loalità. Calabrina al Confine Provinciale;2;1;DA CERVIA A CESENA;
103;260;"44°08'38""";44,14388889;"12°17'54""";12,29833333;SP 8 tra Cesena e A 14;2;0;DA CESENATICO A CESENA;7,99
103;260;"44°08'38""";44,14388889;"12°17'54""";12,29833333;SP 8 tra Cesena e A 14;2;1;DA CESENA A CESENATICO;7,99
104;261;"44°06'57""";44,11583333;"12°18'14""";12,30388889;SS 9 tra Cesena e Savignano sul Rubicone;2;0;DA RIMINI A PIACENZA;22,2
104;261;"44°06'57""";44,11583333;"12°18'14""";12,30388889;SS 9 tra Cesena e Savignano sul Rubicone;2;1;DA PIACENZA A RIMINI;22,2
105;262;"44°05'24""";44,09;"12°24'49""";12,41361111;SS 9 tra Savignano sul Rubicone e Santarcangelo di Romagna;2;0;DA RIMINI A PIACENZA;12,55
105;262;"44°05'24""";44,09;"12°24'49""";12,41361111;SS 9 tra Savignano sul Rubicone e Santarcangelo di Romagna;2;1;DA PIACENZA A RIMINI;12,55
106;263;"43°59'00""";43,98333333;"12°40'46""";12,67944444;Via Adriatica (ex SS 16) tra Riccione e Misano Adriatico ;2;0;DA  FERRARA A CONFINE REGIONALE MARCHE;216,62
106;263;"43°59'00""";43,98333333;"12°40'46""";12,67944444;Via Adriatica (ex SS 16) tra Riccione e Misano Adriatico ;2;1;DA CONFINE REGIONALE MARCHE A  FERRARA;216,62
107;269;"44°50'07.2""";44,83533333;"11°03'11""";11,05305556;SS 12 a Medolla;2;0;DA CONFINE REGIONALE TOSCANA A CONFINE REGIONALE LOMBARDIA;209,63
107;269;"44°50'07.2""";44,83533333;"11°03'11""";11,05305556;SS 12 a Medolla;2;1;DA CONFINE REGIONALE LOMBARDIA A CONFINE REGIONALE TOSCANA;209,63
108;274;"44°43'08""";44,71888889;"11°32'11""";11,53638889;SS 64 ai confini provinciali di Bologna e Ferrara;2;0;DA PORRETTA TERME A FERRARA;125,7
108;274;"44°43'08""";44,71888889;"11°32'11""";11,53638889;SS 64 ai confini provinciali di Bologna e Ferrara;2;1;DA FERRARA A PORRETTA TERME;125,7
109;275;"44°35'53""";44,59805556;"11°28'09""";11,46916667;SP 5 dall'intersezione SP 3 a intersezione per Ca' de Fabbri;2;0;DA BOLOGNA A MOLINELLA;9,836
109;275;"44°35'53""";44,59805556;"11°28'09""";11,46916667;SP 5 dall'intersezione SP 3 a intersezione per Ca' de Fabbri;2;1;DA MOLINELLA A BOLOGNA;9,836
110;276;"44°33'59""";44,56638889;"11°27'40""";11,46111111;SP 3_2 tra intersezione SP 5 e ponte torrente Idice;2;0;DA GRANAROLO DELL'EMILIA A MEDICINA;0,338
110;276;"44°33'59""";44,56638889;"11°27'40""";11,46111111;SP 3_2 tra intersezione SP 5 e ponte torrente Idice;2;1;DA MEDICINA A GRANAROLO DELL'EMILIA;0,338
111;277;"44°34'36""";44,57666667;"11°35'36""";11,59333333;SP 6 tra Budrio e San Martino in Argine;2;0;DA BUDRIO A MOLINELLA;11,557
111;277;"44°34'36""";44,57666667;"11°35'36""";11,59333333;SP 6 tra Budrio e San Martino in Argine;2;1;DA MOLINELLA A BUDRIO;11,557
112;278;"44°30'09""";44,5025;"11°30'29""";11,50805556;SP 6 tra Budrio e bivio SP 253;2;0;DA BUDRIO A MOLINELLA;0,326
112;278;"44°30'09""";44,5025;"11°30'29""";11,50805556;SP 6 tra Budrio e bivio SP 253;2;1;DA MOLINELLA A BUDRIO;0,326
113;279;"44°28'15""";44,47083333;"11°29'36""";11,49333333;SP 31 dal bivio SP 28 per Castenaso a Ponte Rizzoli ;2;0;DA SAN LAZZARO DI SAVENA A CASTEL GUELFO DI BOLOGNA;6,306
113;279;"44°28'15""";44,47083333;"11°29'36""";11,49333333;SP 31 dal bivio SP 28 per Castenaso a Ponte Rizzoli ;2;1;DA CASTEL GUELFO DI BOLOGNA A SAN LAZZARO DI SAVENA;6,306
114;280;"44°27'56""";44,46555556;"11°12'03""";11,20083333;SP 26 tra Gesso e Ponte Rivabella;2;0;DA BOLOGNA A VERGATO;8,31
114;280;"44°27'56""";44,46555556;"11°12'03""";11,20083333;SP 26 tra Gesso e Ponte Rivabella;2;1;DA VERGATO A BOLOGNA;8,31
115;281;"44°29'12""";44,48666667;"11°05'04""";11,08444444;SP 78 tra Bazzano e Intersezione SP 27 a Monteveglio ;2;0;DA MONTEVEGLIO A BAZZANO;1,707
115;281;"44°29'12""";44,48666667;"11°05'04""";11,08444444;SP 78 tra Bazzano e Intersezione SP 27 a Monteveglio ;2;1;DA BAZZANO A MONTEVEGLIO;1,707
116;282;"44°32'52""";44,54777778;"11°12'18""";11,205;SS 9 tra Anzola dell'Emilia e Bologna;2;0;DA RIMINI A PIACENZA;124,13
116;282;"44°32'52""";44,54777778;"11°12'18""";11,205;SS 9 tra Anzola dell'Emilia e Bologna;2;1;DA PIACENZA A RIMINI;124,13
117;285;"44°42'35""";44,70972222;"11°11'16""";11,18777778;SP 1 fra Crevalcore e Decima;2;0;DA SAN MATTEO DELLA DECIMA A CREVALCORE;3,347
117;285;"44°42'35""";44,70972222;"11°11'16""";11,18777778;SP 1 fra Crevalcore e Decima;2;1;DA CREVALCORE A SAN MATTEO DELLA DECIMA;3,347
118;287;"44°46'57""";44,7825;"11°18'59""";11,31638889;SP 6 fra Cento e Pilastrello;2;0;DA CENTO A PILASTRELLO (FINALE EMILIA);3,95
118;287;"44°46'57""";44,7825;"11°18'59""";11,31638889;SP 6 fra Cento e Pilastrello;2;1;DA PILASTRELLO (FINALE EMILIA) A CENTO;3,95
119;288;"44°42'19""";44,70527778;"11°18'19""";11,30527778;SP 42 fra Pieve di Cento e Castello d'Argile;2;0;DA SAN GIORGIO DI PIANO A PIEVE DI CENTO;11,319
119;288;"44°42'19""";44,70527778;"11°18'19""";11,30527778;SP 42 fra Pieve di Cento e Castello d'Argile;2;1;DA PIEVE DI CENTO A SAN GIORGIO DI PIANO;11,319
120;289;"44°46'01""";44,76694444;"11°19'23""";11,32305556;SP 66 fra Cento e Sant'Agostino;2;0;DA MODENA A FERRARA;42,05
120;289;"44°46'01""";44,76694444;"11°19'23""";11,32305556;SP 66 fra Cento e Sant'Agostino;2;1;DA FERRARA A MODENA;42,05
121;290;"44°42'11""";44,70305556;"11°20'44""";11,34555556;SP 11 fra Pieve di Cento e San Pietro in Casale;2;0;DA SAN PIETRO IN CASALE A PIEVE DI CENTO;4,455
121;290;"44°42'11""";44,70305556;"11°20'44""";11,34555556;SP 11 fra Pieve di Cento e San Pietro in Casale;2;1;DA PIEVE DI CENTO A SAN PIETRO IN CASALE;4,455
122;291;"44°43'43""";44,72861111;"11°26'07""";11,43527778;SP 4 tra San Pietro in Casale e San Vincenzo/San Venanzio;2;0;DA BOLOGNA A GALLIERA;22,728
122;291;"44°43'43""";44,72861111;"11°26'07""";11,43527778;SP 4 tra San Pietro in Casale e San Vincenzo/San Venanzio;2;1;DA GALLIERA A BOLOGNA;22,728
123;292;"44°39'28""";44,65777778;"11°22'42""";11,37833333;SP 4 tra San Giorgio di Piano e Intersezione SP 11 c/o San Pietro in Casale;2;0;DA BOLOGNA A GALLIERA;12,44
123;292;"44°39'28""";44,65777778;"11°22'42""";11,37833333;SP 4 tra San Giorgio di Piano e Intersezione SP 11 c/o San Pietro in Casale;2;1;DA GALLIERA A BOLOGNA;12,44
124;294;"44°48'41.20""";44,81194444;"10°30'25.47""";10,50825;SP 111 sulla variante Asse Val'Enza (dal bivio per Nocetolo al bivio per Castelnovo di Sotto);2;0;DA SS9 (CALERNO - SANT'ILARIO D'ENZA) A BORETTO;7,6
124;294;"44°48'41.20""";44,81194444;"10°30'25.47""";10,50825;SP 111 sulla variante Asse Val'Enza (dal bivio per Nocetolo al bivio per Castelnovo di Sotto);2;1;DA BORETTO A SS9 (CALERNO - SANT'ILARIO D'ENZA);7,6
125;295;"44°55'31.36""";44,92627778;"10°20'05.18""";10,33522222;SP 9 fra Colorno e Torrile centro abitato di Bezze;2;0;DA PARMA A COLORNO;14
125;295;"44°55'31.36""";44,92627778;"10°20'05.18""";10,33522222;SP 9 fra Colorno e Torrile centro abitato di Bezze;2;1;DA COLORNO A PARMA;14
126;298;"44°54'59.8""";44,91661111;"10°01'38.9""";10,02747222;SP 588R da Castione Marchesi (A 1) a Busseto;2;0;DA CASTELVETRO PIACENTINO A FIDENZA;26
126;298;"44°54'59.8""";44,91661111;"10°01'38.9""";10,02747222;SP 588R da Castione Marchesi (A 1) a Busseto;2;1;DA FIDENZA A CASTELVETRO PIACENTINO;26
127;300;"44°58'23""";44,97305556;"09°55'07""";9,91861111;SP 462R fra Fiorenzuola d'Arda e Cortemaggiore;2;0;DA CASTELVETRO PIACENTINO A FIORENZUOLA D'ARDA;14,5
127;300;"44°58'23""";44,97305556;"09°55'07""";9,91861111;SP 462R fra Fiorenzuola d'Arda e Cortemaggiore;2;1;DA FIORENZUOLA D'ARDA A CASTELVETRO PIACENTINO;14,5
128;301;"44°53'27.3""";44,89091667;"09°53'58.8""";9,89966667;SP 4 tra Fiorenzuola d'Arda (Tg Sud) e Castell'Arquato;2;0;DA FIORENZUOLA D'ARDA A CASTELL'ARQUATO;4
128;301;"44°53'27.3""";44,89091667;"09°53'58.8""";9,89966667;SP 4 tra Fiorenzuola d'Arda (Tg Sud) e Castell'Arquato;2;1;DA CASTELL'ARQUATO A FIORENZUOLA D'ARDA;4
129;302;"44°53'45.11""";44,89613889;"10°05'26.93""";10,09313889;SP 12 da Fidenza (Casello A 1) a Soragna;2;0;DA FIDENZA A SORAGNA;4,3
129;302;"44°53'45.11""";44,89613889;"10°05'26.93""";10,09313889;SP 12 da Fidenza (Casello A 1) a Soragna;2;1;DA SORAGNA A FIDENZA;4,3
130;303;"45°00'57""";45,01583333;"09°29'02""";9,48388889;SP 11 fra Borgonovo e Gragnano;2;0;DA BORGONOVO VAL TIDONE A TG SUD/OVEST PIACENZA;7,2
130;303;"45°00'57""";45,01583333;"09°29'02""";9,48388889;SP 11 fra Borgonovo e Gragnano;2;1;DA TG SUD/OVEST PIACENZA A BORGONOVO VAL TIDONE;7,2
131;304;"44°57'57.2""";44,96588889;"09°44'07.7""";9,73547222;SP 42 fra Podenzano e bivio SP 6/ponte fiume Nure in località San Giorgio Piacentino;2;0;DA SAN GIORGIO PIACENTINO A BIVIO SS45 (PODENZANO);0,2
131;304;"44°57'57.2""";44,96588889;"09°44'07.7""";9,73547222;SP 42 fra Podenzano e bivio SP 6/ponte fiume Nure in località San Giorgio Piacentino;2;1;DA BIVIO SS45 (PODENZANO) A SAN GIORGIO PIACENTINO;0,2
132;305;"44°54'27.9""";44,90775;"09°49'05.2""";9,81811111;SP 6BIS fra Carpaneto e Castell'Arquato;2;0;DA CARPANETO  A CASTELL'ARQUATO;2,5
132;305;"44°54'27.9""";44,90775;"09°49'05.2""";9,81811111;SP 6BIS fra Carpaneto e Castell'Arquato;2;1;DA CASTELL'ARQUATO A CARPANETO ;2,5
133;306;"44°49'23.7""";44,82325;"09°37'12.8""";9,62022222;SP 654R fra Ponte dell'Olio e Bettola;2;0;DA PIACENZA A CONFIINE PROVINCIALE PARMA;25,5
133;306;"44°49'23.7""";44,82325;"09°37'12.8""";9,62022222;SP 654R fra Ponte dell'Olio e Bettola;2;1;DA CONFINE PROVINCIALE PARMA A PIACENZA;25,5
134;307;"44°51'51""";44,86416667;09°33'17'';9,55472222;SS 45 tra Rivergaro e Perino;2;0;DA CONFINE REGIONALE LIGURIA A PIACENZA;113,65
134;307;"44°51'51""";44,86416667;09°33'17'';9,55472222;SS 45 tra Rivergaro e Perino;2;1;DA PIACENZA A CONFINE REGIONALE LIGURIA;113,65
135;308;"44°57'21""";44,95583333;"09°25'46""";9,42944444;SP 412R fra Pianello Val Tidone e Borgonovo Val Tidone;2;0;DA CASTEL SAN GIOVANNI A CAMINATA (CONFINE REGIONALE LOMBARDIA);57
135;308;"44°57'21""";44,95583333;"09°25'46""";9,42944444;SP 412R fra Pianello Val Tidone e Borgonovo Val Tidone;2;1;DA CAMINATA (CONFINE REGIONALE LOMBARDIA) A CASTEL SAN GIOVANNI;57
136;309;"45°05'31""";45,09194444;"09°57'45""";9,9625;SP 10R fra Castelvetro Piacentino e Monticelli d'Ongina;2;0;DA CASTEL SAN GIOVANNI A CASTELVETRO PIACENTINO;211,5
136;309;"45°05'31""";45,09194444;"09°57'45""";9,9625;SP 10R fra Castelvetro Piacentino e Monticelli d'Ongina;2;1;DA CASTELVETRO PIACENTINO A CASTEL SAN GIOVANNI;211,5
137;310;"44°46'52.4""";44,78122222;"10°34'42.4""";10,57844444;SP 358R fra Cadelbosco di Sopra e Castelnovo di Sotto;2;0;DA CADELBOSCO DI SOPRA A BORETTO;3,3
137;310;"44°46'52.4""";44,78122222;"10°34'42.4""";10,57844444;SP 358R fra Cadelbosco di Sopra e Castelnovo di Sotto;2;1;DA BORETTO A CADELBOSCO DI SOPRA;3,3
138;311;"44°53'35.84""";44,89538889;"10°39'55.92""";10,66783333;SP 62RVAR tra la località San Giacomo (bivio SP 42) ed SP 2 (c/o loc. Tagliata);2;0;DA LUZZARA A BORETTO;12,133
138;311;"44°53'35.84""";44,89538889;"10°39'55.92""";10,66783333;SP 62RVAR tra la località San Giacomo (bivio SP 42) ed SP 2 (c/o loc. Tagliata);2;1;DA BORETTO A LUZZARA;12,133
139;312;"44°51'44.94""";44,86483333;"10°41'58.32""";10,70033333;SP 42 fra Novellara e San Giacomo (SP 62R);2;0;DA NOVELLARA A GUASTALLA;2,7
139;312;"44°51'44.94""";44,86483333;"10°41'58.32""";10,70033333;SP 42 fra Novellara e San Giacomo (SP 62R);2;1;DA GUASTALLA A NOVELLARA;2,7
140;314;"44°55'15.35""";44,92180556;"10°47'13.48""";10,78827778;SP 2 fra Reggiolo (bivio SP 2) e località Villarotta (SP 84);2;0;DA TAGLIATA (GUASTALLA) A REGGIOLO;9,115
140;314;"44°55'15.35""";44,92180556;"10°47'13.48""";10,78827778;SP 2 fra Reggiolo (bivio SP 2) e località Villarotta (SP 84);2;1;DA REGGIOLO A TAGLIATA (GUASTALLA);9,115
141;318;"44°35'58.57""";44,60102778;"10°46'41.08""";10,77827778;SP 51 fra Sassuolo (bivio SP 467R) e Rubiera;2;0;DA RUBIERA A DINAZZANO (CASALGRANDE);6,2
141;318;"44°35'58.57""";44,60102778;"10°46'41.08""";10,77827778;SP 51 fra Sassuolo (bivio SP 467R) e Rubiera;2;1;DA DINAZZANO (CASALGRANDE) A RUBIERA;6,2
142;319;"44°34'23""";44,57305556;"10°47'11""";10,78638889;SP 15 tra Sassuolo e Magreta;2;0;DA MARZAGLIA (MODENA) A SASSUOLO;9,55
142;319;"44°34'23""";44,57305556;"10°47'11""";10,78638889;SP 15 tra Sassuolo e Magreta;2;1;DA SASSUOLO A MARZAGLIA (MODENA);9,55
143;321;"44°33'33.4""";44,55927778;"10°46'49.3""";10,78036111;SP 467R tra SP 486R e confine provinciale;4;0;DA REGGIO EMILIA A SASSUOLO;16
143;321;"44°33'33.4""";44,55927778;"10°46'49.3""";10,78036111;SP 467R tra SP 486R e confine provinciale;4;1;DA REGGIO EMILIA A SASSUOLO;16
143;321;"44°33'33.4""";44,55927778;"10°46'49.3""";10,78036111;SP 467R tra SP 486R e confine provinciale;4;2;DA SASSUOLO A REGGIO EMILIA;16
143;321;"44°33'33.4""";44,55927778;"10°46'49.3""";10,78036111;SP 467R tra SP 486R e confine provinciale;4;3;DA SASSUOLO A REGGIO EMILIA;16
144;323;"44°31'58""";44,53277778;"10°53'00""";10,88333333;SP 467R fra SP 3 e SS 12;2;0;DA REGGIO EMILIA A SASSUOLO;30
144;323;"44°31'58""";44,53277778;"10°53'00""";10,88333333;SP 467R fra SP 3 e SS 12;2;1;DA SASSUOLO A REGGIO EMILIA;30
145;328;"44°36'49.2""";44,61366667;"10°52'36.5""";10,87680556;SP 486R tra Modena e Baggiovara;2;0;DA MODENA A CONFINE REGIONALE TOSCANA;6,9
145;328;"44°36'49.2""";44,61366667;"10°52'36.5""";10,87680556;SP 486R tra Modena e Baggiovara;2;1;DA CONFINE REGIONALE TOSCANA A MODENA;6,9
146;330;"44°21'50""";44,36388889;"11°12'29""";11,20805556;SS 64 tra Sasso Marconi e Marzabotto;2;0;DA PORRETTA TERME A FERRARA;71,15
146;330;"44°21'50""";44,36388889;"11°12'29""";11,20805556;SS 64 tra Sasso Marconi e Marzabotto;2;1;DA FERRARA A PORRETTA TERME;71,15
147;331;"44°21'20""";44,35555556;"11°15'54""";11,265;SP 325 tra Casello A 1 (Sasso Marconi) e Vado;2;0;DA SASSO MARCONI A CONFINE REGIONALE TOSCANA;4,357
147;331;"44°21'20""";44,35555556;"11°15'54""";11,265;SP 325 tra Casello A 1 (Sasso Marconi) e Vado;2;1;DA CONFINE REGIONALE TOSCANA A SASSO MARCONI;4,357
148;332;"44°17'22""";44,28944444;"11°45'56""";11,76555556;SP 306R fra Castel Bolognese e Riolo Terme;2;0;DA CASTELBOLOGNESE A CONFINE REGIONALE TOSCANA;4,3
148;332;"44°17'22""";44,28944444;"11°45'56""";11,76555556;SP 306R fra Castel Bolognese e Riolo Terme;2;1;DA CONFINE REGIONALE TOSCANA A CASTELBOLOGNESE;4,3
149;333;"44°18'35.70""";44,31166667;"11°49'29.86""";11,82711111;SS 9 tra Castel Bolognese e Faenza;2;0;DA RIMINI A PIACENZA;66,74
149;333;"44°18'35.70""";44,31166667;"11°49'29.86""";11,82711111;SS 9 tra Castel Bolognese e Faenza;2;1;DA PIACENZA A RIMINI;66,74
150;334;"44°21'04""";44,35111111;"11°55'38""";11,92722222;SP 8 dal Casello A 1 (Faenza) a Cotignola;2;0;DA FAENZA A BAGNACAVALLO;4,8
150;334;"44°21'04""";44,35111111;"11°55'38""";11,92722222;SP 8 dal Casello A 1 (Faenza) a Cotignola;2;1;DA BAGNACAVALLO A FAENZA;4,8
151;335;"44°21'38""";44,36055556;"11°52'28""";11,87444444;SP 7 tra l'A 14 (bivio SP 29) e l'A 14dir (Barbiano);2;0;DA FAENZA A LUGO;8,8
151;335;"44°21'38""";44,36055556;"11°52'28""";11,87444444;SP 7 tra l'A 14 (bivio SP 29) e l'A 14dir (Barbiano);2;1;DA LUGO A FAENZA;8,8
152;336;"44°24'55""";44,41527778;"11°57'30""";11,95833333;SP 253R tra Lugo (ponte fiume Senio) e Bagnacavallo;2;0;DA BOLOGNA A RAVENNA;54,18
152;336;"44°24'55""";44,41527778;"11°57'30""";11,95833333;SP 253R tra Lugo (ponte fiume Senio) e Bagnacavallo;2;1;DA RAVENNA A BOLOGNA;54,18
153;337;"44°26'39""";44,44416667;"11°55'44""";11,92888889;SP 14 fra Lugo (bivio SSPP 41/46) e Fusignano;2;0;DA LUGO A FUSIGNANO;2
153;337;"44°26'39""";44,44416667;"11°55'44""";11,92888889;SP 14 fra Lugo (bivio SSPP 41/46) e Fusignano;2;1;DA FUSIGNANO A LUGO;2
154;339;"44°09'09""";44,1525;"11°59'44""";11,99555556;SP 3 tra San Lorenzo in Noceto e Predappio;2;0;DA FORLI' A FIUMANA;8,65
154;339;"44°09'09""";44,1525;"11°59'44""";11,99555556;SP 3 tra San Lorenzo in Noceto e Predappio;2;1;DA FIUMANA A FORLI';8,65
155;340;"44°08'49""";44,14694444;"12°04'01""";12,06694444;SP 72 tra San Martino in Strada e bivio ex SS 310R (Meldola);2;0;DA SAN MARTINO IN STRADA (FORLI') A PARA (C/O MELDOLA);5,2
155;340;"44°08'49""";44,14694444;"12°04'01""";12,06694444;SP 72 tra San Martino in Strada e bivio ex SS 310R (Meldola);2;1;DA PARA (C/O MELDOLA) A SAN MARTINO IN STRADA (FORLI');5,2
156;342;"44°06'32""";44,10888889;"12°23'17""";12,38805556;SP 33 in località Gatteo;2;0;DA SAVIGNANO SUL RUBICONE A VILLALTA (CESENATICO);2,2
156;342;"44°06'32""";44,10888889;"12°23'17""";12,38805556;SP 33 in località Gatteo;2;1;DA VILLALTA (CESENATICO) A SAVIGNANO SUL RUBICONE;2,2
157;343;"43°58'34""";43,97611111;"11°54'15""";11,90416667;SP 4 tra Galeata e Santa Sofia;2;0;DA CONFINE REGIONALE TOSCANA A FORLI';54,8
157;343;"43°58'34""";43,97611111;"11°54'15""";11,90416667;SP 4 tra Galeata e Santa Sofia;2;1;DA FORLI' A CONFINE REGIONALE TOSCANA;54,8
158;344;"44°02'45""";44,04583333;"12°11'05""";12,18472222;SS 3 BIS/E 45 tra Borello e Mercato Saraceno;4;0;DA CONFINE REGIONE TOSCANA A RAVENNA;211,7
158;344;"44°02'45""";44,04583333;"12°11'05""";12,18472222;SS 3 BIS/E 45 tra Borello e Mercato Saraceno;4;1;DA CONFINE REGIONE TOSCANA A RAVENNA;211,7
158;344;"44°02'45""";44,04583333;"12°11'05""";12,18472222;SS 3 BIS/E 45 tra Borello e Mercato Saraceno;4;2;DA RAVENNA A CONFINE REGIONE TOSCANA;211,7
158;344;"44°02'45""";44,04583333;"12°11'05""";12,18472222;SS 3 BIS/E 45 tra Borello e Mercato Saraceno;4;3;DA RAVENNA A CONFINE REGIONE TOSCANA;211,7
159;345;"43°46'14""";43,77055556;"12°01'19""";12,02194444;SS 3 BIS/E 45 tra Verghereto e confine regionale;4;0;DA CONFINE REGIONE TOSCANA A RAVENNA;164,4
159;345;"43°46'14""";43,77055556;"12°01'19""";12,02194444;SS 3 BIS/E 45 tra Verghereto e confine regionale;4;1;DA CONFINE REGIONE TOSCANA A RAVENNA;164,4
159;345;"43°46'14""";43,77055556;"12°01'19""";12,02194444;SS 3 BIS/E 45 tra Verghereto e confine regionale;4;2;DA RAVENNA A CONFINE REGIONE TOSCANA;164,4
159;345;"43°46'14""";43,77055556;"12°01'19""";12,02194444;SS 3 BIS/E 45 tra Verghereto e confine regionale;4;3;DA RAVENNA A CONFINE REGIONE TOSCANA;164,4
160;348;"44°07'44""";44,12888889;"12°25'17""";12,42138889;SP 10 dal bivio con SP 89 (San Mauro Pascoli) c/o A 14  al bivio SS 16 (San Mauro Mare);2;0;DA GATTEO A BELLARIA;4,75
160;348;"44°07'44""";44,12888889;"12°25'17""";12,42138889;SP 10 dal bivio con SP 89 (San Mauro Pascoli) c/o A 14  al bivio SS 16 (San Mauro Mare);2;1;DA BELLARIA A GATTEO;4,75
161;349;"44°12'26.65""";44,20902778;"12°23'07.50""";12,38666667;SS 16 tra Cervia e Cesenatico;2;0;DA  FERRARA A CONFINE REGIONALE MARCHE;179,65
161;349;"44°12'26.65""";44,20902778;"12°23'07.50""";12,38666667;SS 16 tra Cervia e Cesenatico;2;1;DA CONFINE REGIONALE MARCHE A  FERRARA;179,65
162;350;"44°00'25""";44,00694444;"12°34'13""";12,57027778;SP 41 tra Rimini (viadotto A 14) e bivio SP 49 (località Ospedaletto);2;0;DA RIMINI A MONTESCUDO;4,207
162;350;"44°00'25""";44,00694444;"12°34'13""";12,57027778;SP 41 tra Rimini (viadotto A 14) e bivio SP 49 (località Ospedaletto);2;1;DA MONTESCUDO A RIMINI;4,207
163;351;"43°59'20""";43,98888889;"12°31'37""";12,52694444;SS 72 tra Rimini e  San Marino;4;0;DA RIMINI A CONFINE REGIONALE SAN MARINO;7,3
163;351;"43°59'20""";43,98888889;"12°31'37""";12,52694444;SS 72 tra Rimini e  San Marino;4;1;DA RIMINI A CONFINE REGIONALE SAN MARINO;7,3
163;351;"43°59'20""";43,98888889;"12°31'37""";12,52694444;SS 72 tra Rimini e  San Marino;4;2;DA CONFINE REGIONALE SAN MARINO A RIMINI;7,3
163;351;"43°59'20""";43,98888889;"12°31'37""";12,52694444;SS 72 tra Rimini e  San Marino;4;3;DA CONFINE REGIONALE SAN MARINO A RIMINI;7,3
164;352;"44°05'21""";44,08916667;"12°28'40""";12,47777778;SP 136 tra Casello A 1 Rimini Nord e SS 16;2;0;DA SANT'ARCANGELO DI ROMAGNA A SS16 (IGEA MARINA - TORRE PEDRERA);1,51
164;352;"44°05'21""";44,08916667;"12°28'40""";12,47777778;SP 136 tra Casello A 1 Rimini Nord e SS 16;2;1;DA SS16 (IGEA MARINA - TORRE PEDRERA) A SANT'ARCANGELO DI ROMAGNA;1,51
165;354;"43°59'24""";43,99;"12°36'14""";12,60388889;SP 31 tra Viadotto A 14 e Coriano;2;0;DA RIMINI A MONTE COLOMBO;6,64
165;354;"43°59'24""";43,99;"12°36'14""";12,60388889;SP 31 tra Viadotto A 14 e Coriano;2;1;DA MONTE COLOMBO A RIMINI;6,64
166;355;"43°56'13""";43,93694444;"12°41'33""";12,6925;SP 17V tra San Giovanni in Marignano e Morciano di Romagna (variante);2;0;DA CATTOLICA A MORCIANO DI ROMAGNA;0,831
166;355;"43°56'13""";43,93694444;"12°41'33""";12,6925;SP 17V tra San Giovanni in Marignano e Morciano di Romagna (variante);2;1;DA MORCIANO DI ROMAGNA A CATTOLICA;0,831
167;356;"44°56'14.51""";44,93863889;"10°48'08.20""";10,80277778;SP 48 fra Reggiolo c/o bivio variante nord e confine regionale;2;0;DA REGGIOLO AL CONFINE PROVINCIALE LOMBARDIA;12,2
167;356;"44°56'14.51""";44,93863889;"10°48'08.20""";10,80277778;SP 48 fra Reggiolo c/o bivio variante nord e confine regionale;2;1;DAL CONFINE PROVINCIALE LOMBARDIA A REGGIOLO;12,2
168;357;"44°15'05""";44,25138889;"11°39'26""";11,65722222;SP 306R fra Casola Valsenio e bivio SP 65 c/o località Isola;2;0;DA CASTELBOLOGNESE A CONFINE REGIONALE TOSCANA;16,12
168;357;"44°15'05""";44,25138889;"11°39'26""";11,65722222;SP 306R fra Casola Valsenio e bivio SP 65 c/o località Isola;2;1;DA CONFINE REGIONALE TOSCANA A CASTELBOLOGNESE;16,12
169;376;"44°44'43""";44,74527778;"11°51'22""";11,85611111;SP 68 tra Portomaggiore e la Superstrada Ferrara-Mare;2;0;DA BIVIO SS16 (CONSANDOLO - PORTOMAGGIORE) A CONFINE REGIONALE VENETO;13,65
169;376;"44°44'43""";44,74527778;"11°51'22""";11,85611111;SP 68 tra Portomaggiore e la Superstrada Ferrara-Mare;2;1;DA CONFINE REGIONALE VENETO A BIVIO SS16 (CONSANDOLO - PORTOMAGGIORE);13,65
170;377;"44°54'43""";44,91194444;"11°23'53""";11,39805556;SP 18 tra Bondeno e il confine regionale (Lombardia);2;0;DA BONDENO A CONFINE REGIONALE VENETO;2
170;377;"44°54'43""";44,91194444;"11°23'53""";11,39805556;SP 18 tra Bondeno e il confine regionale (Lombardia);2;1;DA CONFINE REGIONALE VENETO A BONDENO;2
171;380;"44°25'53""";44,43138889;"12°09'41""";12,16138889;SS 309DIR (tangenziale di Ravenna) in località Canalazzo;2;0;DA RAVENNA A CONFINE REGIONALE VENETO;4,9
171;380;"44°25'53""";44,43138889;"12°09'41""";12,16138889;SS 309DIR (tangenziale di Ravenna) in località Canalazzo;2;1;DA CONFINE REGIONALE VENETO A RAVENNA;4,9
172;381;"44°39'51""";44,66416667;"10°53'55""";10,89861111;Tangenziale Modena ;4;0;DA RIMINI A PIACENZA;3
172;381;"44°39'51""";44,66416667;"10°53'55""";10,89861111;Tangenziale Modena ;4;1;DA RIMINI A PIACENZA;3
172;381;"44°39'51""";44,66416667;"10°53'55""";10,89861111;Tangenziale Modena ;4;2;DA PIACENZA A RIMINI;3
172;381;"44°39'51""";44,66416667;"10°53'55""";10,89861111;Tangenziale Modena ;4;3;DA PIACENZA A RIMINI;3
173;383;"44°42'14.66""";44,70572222;"10°40'05.88""";10,6705;Tangenziale Reggio Emilia;4;0;DA RIMINI A PIACENZA;174,55
173;383;"44°42'14.66""";44,70572222;"10°40'05.88""";10,6705;Tangenziale Reggio Emilia;4;1;DA RIMINI A PIACENZA;174,55
173;383;"44°42'14.66""";44,70572222;"10°40'05.88""";10,6705;Tangenziale Reggio Emilia;4;2;DA PIACENZA A RIMINI;174,55
173;383;"44°42'14.66""";44,70572222;"10°40'05.88""";10,6705;Tangenziale Reggio Emilia;4;3;DA PIACENZA A RIMINI;174,55
174;385;"45°03'38""";45,06055556;"09°24'58""";9,41611111;SP 10R fra Castel San Giovanni e Confine regionale (Lombardia);2;0;DA CASTEL SAN GIOVANNI A CASTELVETRO PIACENTINO;167
174;385;"45°03'38""";45,06055556;"09°24'58""";9,41611111;SP 10R fra Castel San Giovanni e Confine regionale (Lombardia);2;1;DA CASTELVETRO PIACENTINO A CASTEL SAN GIOVANNI;167
175;388;"44°52'33.3""";44,87591667;"09°58'22.0""";9,97277778;SP 31 fra bivio SP 12 in località Castelnuovo Fogliani e il confine provinciale;2;0;DA CASTELNUOVO FOGLIANI A CONFINE PROVINCIALE PARMA (SALSOMAGGIORE TERME);8,5
175;388;"44°52'33.3""";44,87591667;"09°58'22.0""";9,97277778;SP 31 fra bivio SP 12 in località Castelnuovo Fogliani e il confine provinciale;2;1;DA CONFINE PROVINCIALE PARMA (SALSOMAGGIORE TERME) A CASTELNUOVO FOGLIANI;8,5
176;389;"45°00'53""";45,01472222;"10°01'21""";10,0225;SP 588R fra Villanova d’Arda e confine provinciale.;2;0;DA CASTELVETRO PIACENTINO A CONFINE PROVINCIALE PARMA (BUSSETO);13
176;389;"45°00'53""";45,01472222;"10°01'21""";10,0225;SP 588R fra Villanova d’Arda e confine provinciale.;2;1;DA CONFINE PROVINCIALE PARMA (BUSSETO) A CASTELVETRO PIACENTINO;13
177;390;"45°03'31""";45,05861111;"09°56'45""";9,94583333;SP 462R dal bivio SP 10R in località Monticelli a Cortemaggiore;2;0;DA CASTELVETRO PIACENTINO A FIORENZUOLA D'ARDA;4,3
177;390;"45°03'31""";45,05861111;"09°56'45""";9,94583333;SP 462R dal bivio SP 10R in località Monticelli a Cortemaggiore;2;1;DA FIORENZUOLA D'ARDA A CASTELVETRO PIACENTINO;4,3
178;391;"45°07'13""";45,12027778;"09°59'22""";9,98944444;SP 10R fra Castelvetro Piacentino e confine regionale (Lombardia);2;0;DA CASTEL SAN GIOVANNI A CASTELVETRO PIACENTINO;216
178;391;"45°07'13""";45,12027778;"09°59'22""";9,98944444;SP 10R fra Castelvetro Piacentino e confine regionale (Lombardia);2;1;DA CASTELVETRO PIACENTINO A CASTEL SAN GIOVANNI;216
179;393;"45°02'35""";45,04305556;"09°49'10""";9,81944444;SP 10R fra Caorso e Roncaglia;2;0;DA CASTEL SAN GIOVANNI A CASTELVETRO PIACENTINO;198
179;393;"45°02'35""";45,04305556;"09°49'10""";9,81944444;SP 10R fra Caorso e Roncaglia;2;1;DA CASTELVETRO PIACENTINO A CASTEL SAN GIOVANNI;198
180;394;"44°31'19.61""";44,52363889;"09°50'55.52""";9,85005556;SP 523R da Roccamurata (bivio SP 308R) a Borgo Val di Taro;2;0;DA BERCETO A CONFINE PROVINCIALE LIGURIA;19,3
180;394;"44°31'19.61""";44,52363889;"09°50'55.52""";9,85005556;SP 523R da Roccamurata (bivio SP 308R) a Borgo Val di Taro;2;1;DA CONFINE PROVINCIALE LIGURIA A BERCETO;19,3
181;395;"44°39'45""";44,6625;"10°04'02""";10,06722222;SP 308R da Fornovo di Taro (bivio SS 62) a Solignano;2;0;DA FORNOVO DI TARO A BORGOTARO;2,8
181;395;"44°39'45""";44,6625;"10°04'02""";10,06722222;SP 308R da Fornovo di Taro (bivio SS 62) a Solignano;2;1;DA BORGOTARO A FORNOVO DI TARO;2,8
182;396;"44°41'07.80""";44,6875;"10°03'05.38""";10,05244444;SP 28 fra Fornovo di Taro e Varano de Melegari centro abitato Viazzano;2;0;DA RAMIOLA (MEDESANO) A BARDI;3,5
182;396;"44°41'07.80""";44,6875;"10°03'05.38""";10,05244444;SP 28 fra Fornovo di Taro e Varano de Melegari centro abitato Viazzano;2;1;DA BARDI A RAMIOLA (MEDESANO);3,5
183;397;"44°52'58.75""";44,88486111;"10°05'07.32""";10,08616667;SP 12 fra casello A 1 e Fidenza;2;0;DA FIDENZA A SORAGNA;2,5
183;397;"44°52'58.75""";44,88486111;"10°05'07.32""";10,08616667;SP 12 fra casello A 1 e Fidenza;2;1;DA SORAGNA A FIDENZA;2,5
184;398;"44°51'11.28""";44,85383333;"10°11'22.69""";10,19136111;SP 11 tra Fontevivo e Cispadana (tangenziale);2;0;DA FONTEVIVO (CISPADANA) A BUSSETO;4,3
184;398;"44°51'11.28""";44,85383333;"10°11'22.69""";10,19136111;SP 11 tra Fontevivo e Cispadana (tangenziale);2;1;DA BUSSETO A FONTEVIVO (CISPADANA);4,3
185;399;"44°56'10.3""";44,93619444;"10°17'59.1""";10,29975;SP 43 tra Trecasali (bivio SP 8) e Torrile;2;0;DA BIVIO SP8 (TRECASALI) A TORRILE;2,65
185;399;"44°56'10.3""";44,93619444;"10°17'59.1""";10,29975;SP 43 tra Trecasali (bivio SP 8) e Torrile;2;1;DA TORRILE A BIVIO SP8 (TRECASALI);2,65
186;400;"44°57'07.3""";44,95202778;"10°13'09.4""";10,21927778;SP 10 da San Secondo Parmense al bivio per Roccabianca centro abitato Pizzo;2;0;DA PARMA A CONFINE PROVINCIALE PIACENZA;19,15
186;400;"44°57'07.3""";44,95202778;"10°13'09.4""";10,21927778;SP 10 da San Secondo Parmense al bivio per Roccabianca centro abitato Pizzo;2;1;DA CONFINE PROVINCIALE PIACENZA A PARMA;19,15
187;401;"44°37'59.3""";44,63313889;"10°24'26.3""";10,40730556;SP 513R fra Traversetolo e confine provinciale;2;0;DA PARMA A SAN POLO D'ENZA;21,5
187;401;"44°37'59.3""";44,63313889;"10°24'26.3""";10,40730556;SP 513R fra Traversetolo e confine provinciale;2;1;DA SAN POLO D'ENZA A PARMA;21,5
188;402;"44°43'48.1""";44,73002778;"10°22'43.0""";10,37861111;SP 18 da Pilastrello (bivio SP 513R) al bivio per la Pedemontana;2;0;DA PILASTRELLO (PARMA) A CONFINE PROVINCIALE REGGIO EMILIA;0,5
188;402;"44°43'48.1""";44,73002778;"10°22'43.0""";10,37861111;SP 18 da Pilastrello (bivio SP 513R) al bivio per la Pedemontana;2;1;DA CONFINE PROVINCIALE REGGIO EMILIA A PILASTRELLO (PARMA);0,5
189;403;"44°51'19.2""";44,85533333;"10°22'40.0""";10,37777778;SP 72 tra Parma e Mezzani;2;0;DA PARMA A MEZZANI;4
189;403;"44°51'19.2""";44,85533333;"10°22'40.0""";10,37777778;SP 72 tra Parma e Mezzani;2;1;DA MEZZANI A PARMA;4
190;404;"44°41'08.0""";44,68555556;"10°16'24.6""";10,2735;SP 32 da Felino al bivio SP 665R per Langhirano;2;0;DA FELINO A TRAVERSETOLO;3,9
190;404;"44°41'08.0""";44,68555556;"10°16'24.6""";10,2735;SP 32 da Felino al bivio SP 665R per Langhirano;2;1;DA TRAVERSETOLO A FELINO;3,9
191;405;"44°43'44.2""";44,72894444;"10°14'09.1""";10,23586111;SP 15 fra SS62 e Sala Baganza;2;0;DA BIVIO SS62 (COLLECCHIO) A BERCETO;3,8
191;405;"44°43'44.2""";44,72894444;"10°14'09.1""";10,23586111;SP 15 fra SS62 e Sala Baganza;2;1;DA BERCETO A BIVIO SS62 (COLLECCHIO);3,8
192;410;"44°50'08""";44,83555556;"12°10'13""";12,17027778;SP 54 fra Pomposa e Codigoro;2;0;DA CODIGORO A BIVIO SS309 (POMPOSA - COMACCHIO);4
192;410;"44°50'08""";44,83555556;"12°10'13""";12,17027778;SP 54 fra Pomposa e Codigoro;2;1;DA BIVIO SS309 (POMPOSA - COMACCHIO) A CODIGORO;4
193;411;"44°46'55""";44,78194444;"12°07'16""";12,12111111;SP 53 fra Codigoro e Marozzo;2;0;DA CODIGORO A LAGOSANTO;6,05
193;411;"44°46'55""";44,78194444;"12°07'16""";12,12111111;SP 53 fra Codigoro e Marozzo;2;1;DA LAGOSANTO A CODIGORO;6,05
194;425;"44°06'39""";44,11083333;"11°52'21""";11,8725;SS 67 tra Dovadola e Rocca San Casciano;2;0;DA CONFINE REGIONALE TOSCANA A RAVENNA;169,72
194;425;"44°06'39""";44,11083333;"11°52'21""";11,8725;SS 67 tra Dovadola e Rocca San Casciano;2;1;DA RAVENNA A CONFINE REGIONALE TOSCANA;169,72
195;426;"44°36'41""";44,61138889;"10°33'10""";10,55277778;SS 63 tra Casina e Vezzano sul Crostolo;2;0;DA CONFINE REGIONALE TOSCANA A REGGIO EMILIA;99,594
195;426;"44°36'41""";44,61138889;"10°33'10""";10,55277778;SS 63 tra Casina e Vezzano sul Crostolo;2;1;DA REGGIO EMILIA A CONFINE REGIONALE TOSCANA;99,594
196;427;"44°35'43.55""";44,59680556;"10°40'14.74""";10,67261111;SP 7 fra Viano e Scandiano (bivio SP 37);2;0;DA SCANDIANO A VIANO;1,5
196;427;"44°35'43.55""";44,59680556;"10°40'14.74""";10,67261111;SP 7 fra Viano e Scandiano (bivio SP 37);2;1;DA VIANO A SCANDIANO;1,5
197;428;"44°24'44.69""";44,41413889;"10°35'19.21""";10,58919444;SP 19 fra Colombaia (bivio SP 76) e il Bivio SP 486R al confine provinciale;2;0;DA BIVIO SP486R (CERREDOLO) A GATTA (VILLA MINOZZO);2,7
197;428;"44°24'44.69""";44,41413889;"10°35'19.21""";10,58919444;SP 19 fra Colombaia (bivio SP 76) e il Bivio SP 486R al confine provinciale;2;1;DA GATTA (VILLA MINOZZO) A BIVIO SP486R (CERREDOLO);2,7
198;429;"44°41'06.47""";44,68630556;"10°26'13.95""";10,43958333;SP 12 fra San Polo d'Enza e Montecchio Emilia (variante a sud abitato);2;0;DA SANT'ILARIO D'ENZA A SAN POLO D'ENZA;8,95
198;429;"44°41'06.47""";44,68630556;"10°26'13.95""";10,43958333;SP 12 fra San Polo d'Enza e Montecchio Emilia (variante a sud abitato);2;1;DA SAN POLO D'ENZA A SANT'ILARIO D'ENZA;8,95
199;430;"44°41'45.60""";44,6975;"10°27'40.06""";10,46127778;SP 28 tra Montecchio Emilia e bivio circonvallazione;2;0;DA REGGIO EMILIA A MONTECCHIO EMILIA;10,93
199;430;"44°41'45.60""";44,6975;"10°27'40.06""";10,46127778;SP 28 tra Montecchio Emilia e bivio circonvallazione;2;1;DA MONTECCHIO EMILIA A REGGIO EMILIA;10,93
200;431;"44°44'45.82""";44,74811111;"10°26'38.99""";10,44663889;SP 12 fra Sant'Ilario d'Enza (variante a sud) e Montecchio Emilia;2;0;DA SANT'ILARIO D'ENZA A SAN POLO D'ENZA;1,75
200;431;"44°44'45.82""";44,74811111;"10°26'38.99""";10,44663889;SP 12 fra Sant'Ilario d'Enza (variante a sud) e Montecchio Emilia;2;1;DA SAN POLO D'ENZA A SANT'ILARIO D'ENZA;1,75
201;432;"44°43'59.23""";44,73369444;"10°28'41.36""";10,47905556;SP 67 fra Calerno e Montecchio Emilia;2;0;DA BIVIO SS9 (CALERNO) A MONTECCHIO EMILIA;
201;432;"44°43'59.23""";44,73369444;"10°28'41.36""";10,47905556;SP 67 fra Calerno e Montecchio Emilia;2;1;DA MONTECCHIO EMILIA A BIVIO SS9 (CALERNO);
202;434;"44°46'57.00""";44,7825;"10°29'46""";10,49611111;Via San Nicola (ex SP 39) tra bivio per Taneto a Caprara;2;0;DA SANT'ILARIO D'ENZA A CAMPEGINE;
202;434;"44°46'57.00""";44,7825;"10°29'46""";10,49611111;Via San Nicola (ex SP 39) tra bivio per Taneto a Caprara;2;1;DA CAMPEGINE A SANT'ILARIO D'ENZA;
203;435;"44°09'57""";44,16583333;"12°05'58""";12,09944444;SP 37 dalla località Selbagnone al bivio SP 72 (Meldola);2;0;DA FORLIMPOPOLI A MELDOLA;3,135
203;435;"44°09'57""";44,16583333;"12°05'58""";12,09944444;SP 37 dalla località Selbagnone al bivio SP 72 (Meldola);2;1;DA MELDOLA A FORLIMPOPOLI;3,135
204;436;"43°53'07""";43,88527778;"11°57'32""";11,95888889;SP 26 da Santa Sofia a San Piero in Bagno;2;0;DA SANTA SOFIA A SAN PIERO IN BAGNO;11,8
204;436;"43°53'07""";43,88527778;"11°57'32""";11,95888889;SP 26 da Santa Sofia a San Piero in Bagno;2;1;DA SAN PIERO IN BAGNO A SANTA SOFIA;11,8
205;437;"44°02'52""";44,04777778;"12°24'53""";12,41472222;SP 13 tra SS 9 (Santarcangelo di Romagna) e SP 92 (località Camerano);2;0;DA SANT'ARCANGELO DI ROMAGNA A CONFINE PROVINCIALE FORLI'-CESENA;2,84
205;437;"44°02'52""";44,04777778;"12°24'53""";12,41472222;SP 13 tra SS 9 (Santarcangelo di Romagna) e SP 92 (località Camerano);2;1;DA CONFINE PROVINCIALE FORLI'-CESENA A SANT'ARCANGELO DI ROMAGNA;2,84
206;438;"43°59'32""";43,99222222;"12°24'04""";12,40111111;SP 14 tra Colombare (bivio SP 14Ter) e bivio SP 258R;2;0;DA SANT'ARCANGELO DI ROMAGNA A VERRUCCHIO;8,342
206;438;"43°59'32""";43,99222222;"12°24'04""";12,40111111;SP 14 tra Colombare (bivio SP 14Ter) e bivio SP 258R;2;1;DA VERRUCCHIO A SANT'ARCANGELO DI ROMAGNA;8,342
207;439;"44°01'55""";44,03194444;"12°28'00""";12,46666667;SP 49 da Santarcangelo di Romagna alla località Posta (bivio SP 258R);2;0;DA SANT'ARCANGELO DI ROMAGNA A SP258R;3,465
207;439;"44°01'55""";44,03194444;"12°28'00""";12,46666667;SP 49 da Santarcangelo di Romagna alla località Posta (bivio SP 258R);2;1;DA SP258R A SANT'ARCANGELO DI ROMAGNA;3,465
208;440;"43°56'23""";43,93972222;"12°39'47""";12,66305556;SP 35 tra bivio SP 50 (località Cella) e Sant'Andrea in Casale;2;0;DA RICCIONE A MORCIANO DI ROMAGNA;5,6
208;440;"43°56'23""";43,93972222;"12°39'47""";12,66305556;SP 35 tra bivio SP 50 (località Cella) e Sant'Andrea in Casale;2;1;DA MORCIANO DI ROMAGNA A RICCIONE;5,6
209;441;"43°55'12""";43,92;"12°43'33""";12,72583333;SP 58 tra San Giovanni in Marignano e il confine regionale (Marche);2;0;DA SAN GIOVANNI IN MARIGNANO A CONFINE REGIONALE MARCHE ;2,38
209;441;"43°55'12""";43,92;"12°43'33""";12,72583333;SP 58 tra San Giovanni in Marignano e il confine regionale (Marche);2;1;DA CONFINE REGIONALE MARCHE  A SAN GIOVANNI IN MARIGNANO;2,38
210;442;"44°14'40""";44,24444444;"12°12'53""";12,21472222;SP 118 tra Casemurate (bivio SP 254R) e il confine provinciale;2;0;DA RAVENNA A CONFINE PROVINCIALE FORLI'-CESENA;14,9
210;442;"44°14'40""";44,24444444;"12°12'53""";12,21472222;SP 118 tra Casemurate (bivio SP 254R) e il confine provinciale;2;1;DA CONFINE PROVINCIALE FORLI'-CESENA A RAVENNA;14,9
211;443;44°14'27'';44,24083333;11°52'49'';11,88027778;SP 16 tra Faenza e il confine provinciale;2;0;DA FAENZA A CONFINE PROVINCIALE FORLI'-CESENA;4
211;443;44°14'27'';44,24083333;11°52'49'';11,88027778;SP 16 tra Faenza e il confine provinciale;2;1;DA CONFINE PROVINCIALE FORLI'-CESENA A FAENZA;4
212;444;"44°21'49""";44,36361111;"12°03'15""";12,05416667;SP 5 fra Russi e San Pancrazio;2;0;DA RUSSI A GHIBULLO (BIVIO SS67);2,15
212;444;"44°21'49""";44,36361111;"12°03'15""";12,05416667;SP 5 fra Russi e San Pancrazio;2;1;DA GHIBULLO (BIVIO SS67) A RUSSI;2,15
213;445;"44°28'40""";44,47777778;"11°48'52""";11,81444444;SP 610R fra SP 253R e Conselice;2;0;DA BIVIO SS16 (SAN BIAGIO - ARGENTA) A CONFINE PROVINCIALE BOLOGNA;16
213;445;"44°28'40""";44,47777778;"11°48'52""";11,81444444;SP 610R fra SP 253R e Conselice;2;1;DA CONFINE PROVINCIALE BOLOGNA A BIVIO SS16 (SAN BIAGIO - ARGENTA);16
214;446;"44°29'11""";44,48638889;"11°52'51""";11,88083333;SP 13 in località Santa Maria di Fabriago;2;0;DA SANT'AGANTA SUL SANTERNO A LAVEZZOLA;5,9
214;446;"44°29'11""";44,48638889;"11°52'51""";11,88083333;SP 13 in località Santa Maria di Fabriago;2;1;DA LAVEZZOLA A SANT'AGANTA SUL SANTERNO;5,9
215;447;"44°58'11.6""";44,96988889;"09°36'24.7""";9,60686111;SP 28 in località Molinazzo (Comune di Gossolengo);2;0;DA PIACENZA A RIVERGARO;9
215;447;"44°58'11.6""";44,96988889;"09°36'24.7""";9,60686111;SP 28 in località Molinazzo (Comune di Gossolengo);2;1;DA RIVERGARO A PIACENZA;9
216;448;"44°51'41""";44,86138889;"10°44'54.6""";10,7485;SP 5 fra Reggiolo e intersezione SP 45 per Fabbrico;2;0;DA NOVELLARA A REGGIOLO;1,9
216;448;"44°51'41""";44,86138889;"10°44'54.6""";10,7485;SP 5 fra Reggiolo e intersezione SP 45 per Fabbrico;2;1;DA REGGIOLO A NOVELLARA;1,9
217;449;"44°45'55""";44,76527778;"10°3001""";60,01666667;SP 111 fra via Emilia e la variante Asse Val d'Enza;2;0;DA SS9 (CALERNO - SANT'ILARIO D'ENZA) A BORETTO;2,15
217;449;"44°45'55""";44,76527778;"10°3001""";60,01666667;SP 111 fra via Emilia e la variante Asse Val d'Enza;2;1;DA BORETTO A SS9 (CALERNO - SANT'ILARIO D'ENZA);2,15
218;450;"44°55'56.70""";44,93416667;"10°38'42.71""";10,64697222;SP 35 sul Ponte Po;2;0;DA BIVIO SP62R (GUASTALLA) A PONTE FIUME PO;1,686
218;450;"44°55'56.70""";44,93416667;"10°38'42.71""";10,64697222;SP 35 sul Ponte Po;2;1;DA PONTE FIUME PO A BIVIO SP62R (GUASTALLA);1,686
219;451;"44°58'39""";44,9775;"10°43'59""";10,73305556; SP 62RVAR sulla variante di Luzzara (c/o Codisotto);2;0;DA LUZZARA A BORETTO;0,82
219;451;"44°58'39""";44,9775;"10°43'59""";10,73305556; SP 62RVAR sulla variante di Luzzara (c/o Codisotto);2;1;DA BORETTO A LUZZARA;0,82
220;452;"44°44'38""";44,74388889;"10°38'37""";10,64361111;SP 3 sulla variante tra Bagnolo in Piano e il casello A 1 di Reggio Emilia ;2;0;DA REGGIO EMILIA A NOVELLARA;2,1
220;452;"44°44'38""";44,74388889;"10°38'37""";10,64361111;SP 3 sulla variante tra Bagnolo in Piano e il casello A 1 di Reggio Emilia ;2;1;DA NOVELLARA A REGGIO EMILIA;2,1
221;453;"44°35'48.8""";44,59688889;"10°50'45.9""";10,84608333;Asse viario Modena-Sassuolo tra Modena e Baggiovara;4;0;DA MODENA A SASSUOLO;13,6
221;453;"44°35'48.8""";44,59688889;"10°50'45.9""";10,84608333;Asse viario Modena-Sassuolo tra Modena e Baggiovara;4;1;DA MODENA A SASSUOLO;13,6
221;453;"44°35'48.8""";44,59688889;"10°50'45.9""";10,84608333;Asse viario Modena-Sassuolo tra Modena e Baggiovara;4;2;DA SASSUOLO A MODENA;13,6
221;453;"44°35'48.8""";44,59688889;"10°50'45.9""";10,84608333;Asse viario Modena-Sassuolo tra Modena e Baggiovara;4;3;DA SASSUOLO A MODENA;13,6
222;454;"44°02'21""";44,03916667;"12°34'01""";12,56694444;SS 72 tra A 14 e tangenziale di Rimini;4;0;DA RIMINI A CONFINE REGIONALE SAN MARINO;0,47
222;454;"44°02'21""";44,03916667;"12°34'01""";12,56694444;SS 72 tra A 14 e tangenziale di Rimini;4;1;DA RIMINI A CONFINE REGIONALE SAN MARINO;0,47
222;454;"44°02'21""";44,03916667;"12°34'01""";12,56694444;SS 72 tra A 14 e tangenziale di Rimini;4;2;DA CONFINE REGIONALE SAN MARINO A RIMINI;0,47
222;454;"44°02'21""";44,03916667;"12°34'01""";12,56694444;SS 72 tra A 14 e tangenziale di Rimini;4;3;DA CONFINE REGIONALE SAN MARINO A RIMINI;0,47
223;500;"44°36'03.55""";44,60236111;"10°24'46.53""";10,41425;SP 513R fra San Polo d'Enza e Canossa (c/o bivio SP 54);2;0;DA SAN POLO D'ENZA A CASTELNOVO NE MONTI;25,8
223;500;"44°36'03.55""";44,60236111;"10°24'46.53""";10,41425;SP 513R fra San Polo d'Enza e Canossa (c/o bivio SP 54);2;1;DA CASTELNOVO NE MONTI A SAN POLO D'ENZA;25,8
224;501;"44°42'34""";44,70944444;"11°07'48""";11,13;SP 84 località Crevalcore (variante abitato);2;0;DA CREVALCORE A RAVARINO;2,174
224;501;"44°42'34""";44,70944444;"11°07'48""";11,13;SP 84 località Crevalcore (variante abitato);2;1;DA RAVARINO A CREVALCORE;2,174
225;502;"44°31'35""";44,52638889;"11°14'35""";11,24305556;SP 26 tra località Pioppa e viadotto A 1 (c/o Zola Predosa);2;0;DA BOLOGNA A VERGATO;0,174
225;502;"44°31'35""";44,52638889;"11°14'35""";11,24305556;SP 26 tra località Pioppa e viadotto A 1 (c/o Zola Predosa);2;1;DA VERGATO A BOLOGNA;0,174
226;503;"44°24'32""";44,40888889;"11°09'13""";11,15361111;SP 26 tra Calderino e località Badia;2;0;DA BOLOGNA A VERGATO;16,571
226;503;"44°24'32""";44,40888889;"11°09'13""";11,15361111;SP 26 tra Calderino e località Badia;2;1;DA VERGATO A BOLOGNA;16,571
227;504;"44°25'55""";44,43194444;"11°26'32""";11,44222222;SP 7 dalla località Ca de' Mandorli al bivio per Castel de Britti;2;0;DA SAN LAZZARO DI SAVENA A MONGHIDORO;2,671
227;504;"44°25'55""";44,43194444;"11°26'32""";11,44222222;SP 7 dalla località Ca de' Mandorli al bivio per Castel de Britti;2;1;DA MONGHIDORO A SAN LAZZARO DI SAVENA;2,671
228;505;"44°23'12""";44,38666667;"11°44'35""";11,74305556;SP 610 tra casello A 1 (Imola) e bivio SP 51 per Castel Guelfo di Bologna;2;0;DA BIVIO SS16 (SAN BIAGIO - ARGENTA) A CONFINE REGIONALE TOSCANA;25,862
228;505;"44°23'12""";44,38666667;"11°44'35""";11,74305556;SP 610 tra casello A 1 (Imola) e bivio SP 51 per Castel Guelfo di Bologna;2;1;DA CONFINE REGIONALE TOSCANA A BIVIO SS16 (SAN BIAGIO - ARGENTA);25,862
229;600;"44°27'40""";44,46111111;"11°36'43""";11,61194444;SP 19 tra SP31 e Medicina;2;0;DA MEDICINA A CASTEL SAN PIETRO TERME;3,937
229;600;"44°27'40""";44,46111111;"11°36'43""";11,61194444;SP 19 tra SP31 e Medicina;2;1;DA CASTEL SAN PIETRO TERME A MEDICINA;3,937
230;601;"44°21'36""";44,36;"11°34'02""";11,56722222;SP 21 da Castel San Pietro al bivio SP 35 (c/o Sassoleone);2;0;DA CASTEL SAN PIETRO TERME A CASTEL DEL RIO;4,51
230;601;"44°21'36""";44,36;"11°34'02""";11,56722222;SP 21 da Castel San Pietro al bivio SP 35 (c/o Sassoleone);2;1;DA CASTEL DEL RIO A CASTEL SAN PIETRO TERME;4,51
231;602;"44°45'23""";44,75638889;"11°10'00""";11,16666667;SP 9_1 da Crevalcore alla località Caselle;2;0;DA CREVALCORE A CAMPOSANTO;3,922
231;602;"44°45'23""";44,75638889;"11°10'00""";11,16666667;SP 9_1 da Crevalcore alla località Caselle;2;1;DA CAMPOSANTO A CREVALCORE;3,922
232;603;"44°44'47""";44,74638889;"11°14'33""";11,2425;SP 10 dalla località Decima ai confini provinciali di Bologna e Ferrara;2;0;DA SAN MATTEO DELLA DECIMA A FINALE EMILIA;3,89
232;603;"44°44'47""";44,74638889;"11°14'33""";11,2425;SP 10 dalla località Decima ai confini provinciali di Bologna e Ferrara;2;1;DA FINALE EMILIA A SAN MATTEO DELLA DECIMA;3,89
233;604;"44°23'36""";44,39333333;"11°18'10""";11,30277778;SP 37 da Sasso Marconi alla intersezione SP 58;2;0;DA BOLOGNA A SASSO MARCONI;3,903
233;604;"44°23'36""";44,39333333;"11°18'10""";11,30277778;SP 37 da Sasso Marconi alla intersezione SP 58;2;1;DA SASSO MARCONI A BOLOGNA;3,903
234;605;"44°11'33""";44,1925;"10°57'47""";10,96305556;SP 324 da Silla alla intersezione SP 623;2;0;DA PORRETTA TERME A CONFINE REGIONALE TOSCANA;1,673
234;605;"44°11'33""";44,1925;"10°57'47""";10,96305556;SP 324 da Silla alla intersezione SP 623;2;1;DA CONFINE REGIONALE TOSCANA A PORRETTA TERME;1,673
235;606;"44°47'27""";44,79083333;"11°25'48""";11,43;Cispadana in località Sant'Agostino/San Carlo;2;0;DA POGGIO RENATICO A SANT'AGOSTINO;2,79
235;606;"44°47'27""";44,79083333;"11°25'48""";11,43;Cispadana in località Sant'Agostino/San Carlo;2;1;DA SANT'AGOSTINO A POGGIO RENATICO;2,79
236;607;"44°19'26""";44,32388889;"12°02'15""";12,0375;SP 1 da Villafranca di Forlì al confine provinciale;2;0;DA FORLI' A CONFINE PROVINCIALE RAVENNA;9,6
236;607;"44°19'26""";44,32388889;"12°02'15""";12,0375;SP 1 da Villafranca di Forlì al confine provinciale;2;1;DA CONFINE PROVINCIALE RAVENNA A FORLI';9,6
237;608;"44°10'06""";44,16833333;"12°12'12""";12,20333333;SP 140 da Diegaro (SS 9) a Pievesestina (E 45);2;0;DA BIVIO SS9 EMILIA A BIVIO EXSS71BIS ;1,45
236;608;"44°10'06""";44,16833333;"12°12'12""";12,20333333;SP 140 da Diegaro (SS 9) a Pievesestina (E 45);2;1;DA BIVIO EXSS71BIS A BIVIO SS9 EMILIA;1,45
237;609;"44°23'55.42""";44,39977778;"10°55'10.79""";10,92163889;SP 4 dal bivio SP22 (per SS 12) al bivio SP 26 (per Pavullo nel Frignano);2;0;DA VIGNOLA A SESTOLA;14,5
237;609;"44°23'55.42""";44,39977778;"10°55'10.79""";10,92163889;SP 4 dal bivio SP22 (per SS 12) al bivio SP 26 (per Pavullo nel Frignano);2;1;DA SESTOLA A VIGNOLA;14,5
239;610;"44°56'37.5""";44,94375;"10°05'06.2""";10,08505556;SP 11 da Soragna a Roncole Verdi;2;0;DA FONTEVIVO (CISPADANA) A BUSSETO;20,6
239;610;"44°56'37.5""";44,94375;"10°05'06.2""";10,08505556;SP 11 da Soragna a Roncole Verdi;2;1;DA BUSSETO A FONTEVIVO (CISPADANA);20,6
240;611;"44°44'04.18""";44,73494444;"10°07'26.06""";10,12405556;SP 357R da Fornovo di Taro al bivio SP 93 per Fidenza;2;0;DA BIVIO SS9 (NOCETO)  A FORNOVO DI TARO;12,5
240;611;"44°44'04.18""";44,73494444;"10°07'26.06""";10,12405556;SP 357R da Fornovo di Taro al bivio SP 93 per Fidenza;2;1;DA FORNOVO DI TARO A BIVIO SS9 (NOCETO) ;12,5
241;612;"44°39'52.88""";44,66688889;"10°17'04.12""";10,28477778;SP 665R dalla località Pilastro a Langhirano;2;0;DA PARMA A CONFINE REGIONALE TOSCANA;16,2
241;612;"44°39'52.88""";44,66688889;"10°17'04.12""";10,28477778;SP 665R dalla località Pilastro a Langhirano;2;1;DA CONFINE REGIONALE TOSCANA A PARMA;16,2
242;613;"44°40'38.97""";44,67991667;"10°20'50.33""";10,34813889;SP 16 dalla località Basilicanova al bivio SP 32 centro abitato Mamiano;2;0;DA PARMA A LESIGNANO DE' BAGNI;12,95
242;613;"44°40'38.97""";44,67991667;"10°20'50.33""";10,34813889;SP 16 dalla località Basilicanova al bivio SP 32 centro abitato Mamiano;2;1;DA LESIGNANO DE' BAGNI A PARMA;12,95
243;614;"45°00'26""";45,00722222;"09°52'29""";9,87472222;SP 587R dal bivio SP 10R alla A 21Dir;2;0;DA PIACENZA A CORTEMAGGIORE;9
243;614;"45°00'26""";45,00722222;"09°52'29""";9,87472222;SP 587R dal bivio SP 10R alla A 21Dir;2;1;DA CORTEMAGGIORE A PIACENZA;9
244;615;"45°03'25""";45,05694444;"09°42'00""";9,7;Piazzale Milano (ex SS 9) c/o ponte fiume Po;3;0;DA PIACENZA A LODI;262,387
244;615;"45°03'25""";45,05694444;"09°42'00""";9,7;Piazzale Milano (ex SS 9) c/o ponte fiume Po;3;1;DA LODI A PIACENZA;262,387
244;615;"45°03'25""";45,05694444;"09°42'00""";9,7;Piazzale Milano (ex SS 9) c/o ponte fiume Po;3;2;DA LODI A PIACENZA;262,387
245;616;"45°05'18""";45,08833333;"09°59'27""";9,99083333;SP 588R dal casello A 21 di Castelvetro Piacentino a Villanova d'Arda;2;0;DA CASTELVETRO PIACENTINO A CONFINE PROVINCIALE PARMA (BUSSETO);2
245;616;"45°05'18""";45,08833333;"09°59'27""";9,99083333;SP 588R dal casello A 21 di Castelvetro Piacentino a Villanova d'Arda;2;1;DA CONFINE PROVINCIALE PARMA (BUSSETO) A CASTELVETRO PIACENTINO;2
246;617;"45°02'08""";45,03555556;"09°35'17""";9,58805556;SP 7 dalla intersezione tangenziale sud/ovest di Piacenza a San Nicolò;2;0;DA BIVIO SP10 (PIACENZA) A GRAGNANO TREBBIENSE;3
246;617;"45°02'08""";45,03555556;"09°35'17""";9,58805556;SP 7 dalla intersezione tangenziale sud/ovest di Piacenza a San Nicolò;2;1;DA GRAGNANO TREBBIENSE A BIVIO SP10 (PIACENZA);3
247;618;"44°24'09""";44,4025;"12°01'05""";12,01805556;SP 253R fra Bagnacavallo (A14 Dir) e Godo (bivio SP 302R);2;0;DA BAGNACAVALLO A RUSSI;59,33
247;618;"44°24'09""";44,4025;"12°01'05""";12,01805556;SP 253R fra Bagnacavallo (A14 Dir) e Godo (bivio SP 302R);2;1;DA RUSSI A BAGNACAVALLO;59,33
248;619;"44°27'33""";44,45916667;"12°01'07""";12,01861111;SP 8 da Bagnacavallo al bivio SS 16;2;0;DA BAGNACAVALLO A ALFONSINE;17,85
248;619;"44°27'33""";44,45916667;"12°01'07""";12,01861111;SP 8 da Bagnacavallo al bivio SS 16;2;1;DA ALFONSINE A BAGNACAVALLO;17,85
249;620;"44°42'30.7""";44,70852778;"10°43'44.7""";10,72908333;SP 113 sulla variante di San Martino in Rio/Correggio c/o le località Prato/Gazzata;2;0;DA REGGIO EMILIA A CORREGGIO;5,065
249;620;"44°42'30.7""";44,70852778;"10°43'44.7""";10,72908333;SP 113 sulla variante di San Martino in Rio/Correggio c/o le località Prato/Gazzata;2;1;DA CORREGGIO A REGGIO EMILIA;5,065
250;621;"44°32'28.68""";44,543;"10°22'06.5""";10,36847222;SP 513R a nord di Vetto;2;0;DA SAN POLO D'ENZA A CASTELNOVO NE MONTI;34,8
250;621;"44°32'28.68""";44,543;"10°22'06.5""";10,36847222;SP 513R a nord di Vetto;2;1;DA CASTELNOVO NE MONTI A SAN POLO D'ENZA;34,8
251;622;"44°46'02.41""";44,76836111;"10°49'40.85""";10,83013889;SP 468R tra Correggio e il confine provinciale;2;0;DA REGGIO EMILIA A CONFINE PROVINCIALE MODENA;16,63
251;622;"44°46'02.41""";44,76836111;"10°49'40.85""";10,83013889;SP 468R tra Correggio e il confine provinciale;2;1;DA CONFINE PROVINCIALE MODENA A REGGIO EMILIA;16,63
252;623;"44°49'24.69""";44,82525;"10°47'07.98""";10,788;SP 30 tra Campagnola Emilia e il confine provinciale;2;0;DA NOVELLARA A RIO SALICETO;5,7
252;623;"44°49'24.69""";44,82525;"10°47'07.98""";10,788;SP 30 tra Campagnola Emilia e il confine provinciale;2;1;DA RIO SALICETO A NOVELLARA;5,7
253;624;"44°39'06.36""";44,65266667;"10°34'35.04""";10,5765;SP 23 tra Rivalta e la variante di Montecavolo;2;0;DA REGGIO EMILIA A QUATTRO CASTELLA;1,5
253;624;"44°39'06.36""";44,65266667;"10°34'35.04""";10,5765;SP 23 tra Rivalta e la variante di Montecavolo;2;1;DA QUATTRO CASTELLA A REGGIO EMILIA;1,5
254;625;"44°03'02""";44,05055556;"12°25'58""";12,43277778;SP 14 da Poggio Berni (bivio SP 73) a Sant'Arcangelo di Romagna;2;0;DA SANT'ARCANGELO DI ROMAGNA A VERRUCCHIO;1,15
254;625;"44°03'02""";44,05055556;"12°25'58""";12,43277778;SP 14 da Poggio Berni (bivio SP 73) a Sant'Arcangelo di Romagna;2;1;DA VERRUCCHIO A SANT'ARCANGELO DI ROMAGNA;1,15
255;626;"43°54'49""";43,91361111;"12°36'53""";12,61472222;SP 18 da San Clemente al bivio SP 132 (località Osteria Nuova);2;0;DA MORCIANO DI ROMAGNA A CONFINE PROVINCIALE PESARO;2,3
255;626;"43°54'49""";43,91361111;"12°36'53""";12,61472222;SP 18 da San Clemente al bivio SP 132 (località Osteria Nuova);2;1;DA CONFINE PROVINCIALE PESARO A MORCIANO DI ROMAGNA;2,3
256;627;"44°14'21""";44,23916667;"11°05'00""";11,08333333;SS 64 variante di Riola di Vergato;2;0;DA PORRETTA TERME A FERRARA;49,95
256;627;"44°14'21""";44,23916667;"11°05'00""";11,08333333;SS 64 variante di Riola di Vergato;2;1;DA FERRARA A PORRETTA TERME;49,95
257;628;"44°38'58""";44,64944444;"12°14'03""";12,23416667;SS 309 tra Comacchio e confini provinciali di Ferrara e Ravenna;2;0;DA RAVENNA A CONFINE REGIONALE VENETO;22,4
257;628;"44°38'58""";44,64944444;"12°14'03""";12,23416667;SS 309 tra Comacchio e confini provinciali di Ferrara e Ravenna;2;1;DA CONFINE REGIONALE VENETO A RAVENNA;22,4
258;629;"44°14'09""";44,23583333;"12°00'50""";12,01388889;SS 9 tra intersezione tangenziale di Forlì e intersezione SS 67;2;0;DA RIMINI A PIACENZA;1,1
258;629;"44°14'09""";44,23583333;"12°00'50""";12,01388889;SS 9 tra intersezione tangenziale di Forlì e intersezione SS 67;2;1;DA RIMINI A PIACENZA;1,1
259;630;"44°08'12""";44,13666667;"12°16'30""";12,275;SS 9 tra la tangenziale di Cesena (intersezione ex SS 71BIS) e l'intersezione SP 304R;4;0;DA RIMINI A PIACENZA;25,75
259;630;"44°08'12""";44,13666667;"12°16'30""";12,275;SS 9 tra la tangenziale di Cesena (intersezione ex SS 71BIS) e l'intersezione SP 304R;4;1;DA RIMINI A PIACENZA;25,75
259;630;"44°08'12""";44,13666667;"12°16'30""";12,275;SS 9 tra la tangenziale di Cesena (intersezione ex SS 71BIS) e l'intersezione SP 304R;4;2;DA PIACENZA A RIMINI;25,75
259;630;"44°08'12""";44,13666667;"12°16'30""";12,275;SS 9 tra la tangenziale di Cesena (intersezione ex SS 71BIS) e l'intersezione SP 304R;4;3;DA PIACENZA A RIMINI;25,75
260;631;"43°54'32""";43,90888889;"12°07'11""";12,11972222;SS 3BIS/E 45 tra Sarsina e San Piero in Bagno;4;0;DA CONFINE REGIONE TOSCANA A RAVENNA;192
260;631;"43°54'32""";43,90888889;"12°07'11""";12,11972222;SS 3BIS/E 45 tra Sarsina e San Piero in Bagno;4;1;DA CONFINE REGIONE TOSCANA A RAVENNA;192
260;631;"43°54'32""";43,90888889;"12°07'11""";12,11972222;SS 3BIS/E 45 tra Sarsina e San Piero in Bagno;4;2;DA RAVENNA A CONFINE REGIONE TOSCANA;192
260;631;"43°54'32""";43,90888889;"12°07'11""";12,11972222;SS 3BIS/E 45 tra Sarsina e San Piero in Bagno;4;3;DA RAVENNA A CONFINE REGIONE TOSCANA;192
261;632;"44°36'34.2""";44,6095;"10°54'24.2""";10,90672222;SS 9/tangenziale complanare sud alla A 1 in direzione Reggio Emilia - tra intersezione Modena/Sassuolo e intersezione SS 12;2;0;DA RIMINI A PIACENZA;3,9
261;632;"44°36'34.2""";44,6095;"10°54'24.2""";10,90672222;SS 9/tangenziale complanare sud alla A 1 in direzione Reggio Emilia - tra intersezione Modena/Sassuolo e intersezione SS 12;2;1;DA RIMINI A PIACENZA;3,9
262;633;"44°36'32""";44,60888889;"10°54'23""";10,90638889;SS 9/tangenziale complanare sud alla A 1 in direzione Bologna - tra intersezione Modena/Sassuolo e intersezione SS12;2;0;DA PIACENZA A RIMINI;3,9
262;633;"44°36'32""";44,60888889;"10°54'23""";10,90638889;SS 9/tangenziale complanare sud alla A 1 in direzione Bologna - tra intersezione Modena/Sassuolo e intersezione SS12;2;1;DA PIACENZA A RIMINI;3,9
263;634;"44°19'13.84""";44,32261111;"10°50'06.52""";10,83644444;SS 12 tra Pavullo e intersezione SP 31;2;0;DA CONFINE REGIONALE TOSCANA A CONFINE REGIONALE LOMBARDIA;135,99
263;634;"44°19'13.84""";44,32261111;"10°50'06.52""";10,83644444;SS 12 tra Pavullo e intersezione SP 31;2;1;DA CONFINE REGIONALE LOMBARDIA A CONFINE REGIONALE TOSCANA;135,99
264;635;"45°01'41.16""";45,0285;"09°42'03.47""";9,70213889;SS 9 tra la tangenziale sud di Piacenza (intersezione SS 45) e l'intersezione SP 6;4;0;DA SS9 A SS45;5,57
264;635;"45°01'41.16""";45,0285;"09°42'03.47""";9,70213889;SS 9 tra la tangenziale sud di Piacenza (intersezione SS 45) e l'intersezione SP 6;4;1;DA SS9 A SS45;5,57
264;635;"45°01'41.16""";45,0285;"09°42'03.47""";9,70213889;SS 9 tra la tangenziale sud di Piacenza (intersezione SS 45) e l'intersezione SP 6;4;2;DA SS45 A SS9;5,57
264;635;"45°01'41.16""";45,0285;"09°42'03.47""";9,70213889;SS 9 tra la tangenziale sud di Piacenza (intersezione SS 45) e l'intersezione SP 6;4;3;DA SS45 A SS9;5,57
265;636;"44°48'35""";44,80972222;"10°21'06""";10,35166667;SS 9 tra la tangenziale nord di Parma (intersezione SP 343R) e l'intersezione SP 62R;4;0;DA RIMINI A PIACENZA;3,05
265;636;"44°48'35""";44,80972222;"10°21'06""";10,35166667;SS 9 tra la tangenziale nord di Parma (intersezione SP 343R) e l'intersezione SP 62R;4;1;DA RIMINI A PIACENZA;3,05
265;636;"44°48'35""";44,80972222;"10°21'06""";10,35166667;SS 9 tra la tangenziale nord di Parma (intersezione SP 343R) e l'intersezione SP 62R;4;2;DA PIACENZA A RIMINI;3,05
265;636;"44°48'35""";44,80972222;"10°21'06""";10,35166667;SS 9 tra la tangenziale nord di Parma (intersezione SP 343R) e l'intersezione SP 62R;4;3;DA PIACENZA A RIMINI;3,05
266;637;"44°42'53.04""";44,71483333;"10°08'54.30""";10,14916667;SS 62 tra Fornovo di Taro e Collecchio;2;0;DA CONFINE REGIONALE TOSCANA A PARMA;99,166
266;637;"44°42'53.04""";44,71483333;"10°08'54.30""";10,14916667;SS 62 tra Fornovo di Taro e Collecchio;2;1;DA PARMA A CONFINE REGIONALE TOSCANA;99,166
267;638;"44°44'28.31""";44,74197222;"10°30'30.27""";10,50908333;SS 9 tra la tangenziale nord di Reggio Emilia e Sant'Ilario d'Enza;2;0;DA RIMINI A PIACENZA;187,3
267;638;"44°44'28.31""";44,74197222;"10°30'30.27""";10,50908333;SS 9 tra la tangenziale nord di Reggio Emilia e Sant'Ilario d'Enza;2;1;DA PIACENZA A RIMINI;187,3
268;639;"44°29'47""";44,49638889;"10°29'17""";10,48805556;SS 63 località Casina (variante abitato);2;0;DA CONFINE REGIONALE TOSCANA A REGGIO EMILIA;81
268;639;"44°29'47""";44,49638889;"10°29'17""";10,48805556;SS 63 località Casina (variante abitato);2;1;DA REGGIO EMILIA A CONFINE REGIONALE TOSCANA;81
269;650;44°14'59'';44,24972222;11°58'19'';11,97194444;SS 9 da Faenza a Villanova di Forlì (al confine provinciale);2;0;DA RIMINI A PIACENZA;54,5
269;650;44°14'59'';44,24972222;11°58'19'';11,97194444;SS 9 da Faenza a Villanova di Forlì (al confine provinciale);2;1;DA PIACENZA A RIMINI;54,5
270;651;44°19'54'';44,33166667;11°46'08'';11,76888889;SS 9 da Imola a Castelbolognese (al confine provinciale);2;0;DA RIMINI A PIACENZA;72,9
270;651;44°19'54'';44,33166667;11°46'08'';11,76888889;SS 9 da Imola a Castelbolognese (al confine provinciale);2;1;DA PIACENZA A RIMINI;72,9
271;652;44°35'50'';44,59722222;11°50'51'';11,8475;SS 16 dal bivio SP 610R ad Argenta;2;0;DA  FERRARA A CONFINE REGIONALE MARCHE;114,8
271;652;44°35'50'';44,59722222;11°50'51'';11,8475;SS 16 dal bivio SP 610R ad Argenta;2;1;DA CONFINE REGIONALE MARCHE A  FERRARA;114,8
272;653;44°15'24'';44,25666667;12°16'19'';12,27194444;SP 254R dal ponte sul fiume Savio alla SS 16;2;0;DA FORLI' A CERVIA;17,65
272;653;44°15'24'';44,25666667;12°16'19'';12,27194444;SP 254R dal ponte sul fiume Savio alla SS 16;2;1;DA CERVIA A FORLI';17,65
273;654;44°12'55'';44,21527778;12°20'05'';12,33472222;SP 7IBISR dal bivio SSPP 32/33ter alla SS 16;2;0;DA CESENA A CERVIA;10,4
273;654;44°12'55'';44,21527778;12°20'05'';12,33472222;SP 7IBISR dal bivio SSPP 32/33ter alla SS 16;2;1;DA CERVIA A CESENA;10,4
274;655;44°24'38'';44,41055556;12°07'21'';12,1225;SP 253R dal bivio SP 302R allo svincolo A 14dir a Fornace Zarattini;2;0;DA RUSSI A RAVENNA;68,515
274;655;44°24'38'';44,41055556;12°07'21'';12,1225;SP 253R dal bivio SP 302R allo svincolo A 14dir a Fornace Zarattini;2;1;DA RAVENNA A RUSSI;68,515
275;660;44°40'32'';44,67555556;11°37'46'';11,62944444;SP 25 tra intersezione con SS 64 e confine provinciale;2;0;DA SS64 (LOC GALLO) A SANTA MARIA CODIFIUME;15,7
275;660;44°40'32'';44,67555556;11°37'46'';11,62944444;SP 25 tra intersezione con SS 64 e confine provinciale;2;1;DA SANTA MARIA CODIFIUME A SS64 (LOC GALLO);15,7
276;661;44°49'08'';44,81888889;11°59'11'';11,98638889;SP 15 tra Tresigallo e Massa Fiscaglia;2;0;DA TRESIGALLO A MASSA FISCAGLIA;27,09
276;661;44°49'08'';44,81888889;11°59'11'';11,98638889;SP 15 tra Tresigallo e Massa Fiscaglia;2;1;DA MASSA FISCAGLIA A TRESIGALLO;27,09
277;662;44°53'12'';44,88666667;11°47'30'';11,79166667;SP 2 tra intersezione SP 14 e Copparo;2;0;DA FERRARA A COPPARO;11,74
277;662;44°53'12'';44,88666667;11°47'30'';11,79166667;SP 2 tra intersezione SP 14 e Copparo;2;1;DA COPPARO A FERRARA;11,74
278;663;44°53'18'';44,88833333;12°08'00'';12,13333333;SP 60 tra intersezione SP 68 e SP 62;2;0;DA JOLANDA DI SAVOIA A SS309 (LOC BOSCO MESOLA);12,75
278;663;44°53'18'';44,88833333;12°08'00'';12,13333333;SP 60 tra intersezione SP 68 e SP 62;2;1;DA SS309 (LOC BOSCO MESOLA) A JOLANDA DI SAVOIA;12,75
279;664;44°47'48.99'';44,79941667;11°07'50.00'';11,13055556;SP 2TER tra intersezione SP5 e SP 568;2;0;DA CAMPOSANTO A SAN FELICE SUL PANARO;1,6
279;664;44°47'48.99'';44,79941667;11°07'50.00'';11,13055556;SP 2TER tra intersezione SP5 e SP 568;2;1;DA CAMPOSANTO A MODENA;1,6
280;665;45°01'53.99'';45,03413889;09°37'37'';9,62694444;SP1 tra intersezione SP7 a Piacenza;2;0;DA GRAGNANINO (SP7) A PIACENZA;3,28
280;665;45°01'53.99'';45,03413889;09°37'37'';9,62694444;SP1 tra intersezione SP7 a Piacenza;2;1;DA PIACENZA A GRAGNANINO (SP7);3,28
281;666;44°10'40.03'';44,17786111;12°02°26.16'';12,041;SP 3 tra via Monda e via Caminate;2;0;DA FORLI' A FIUMANA;1,8
281;666;44°10'40.03'';44,17786111;12°02°26.16'';12,041;SP 3 tra via Monda e via Caminate;2;1;DA FIUMANA A FORLI';1,8
